Tmean,mode,Tvar,population,id,duration,value,metric,status
28,constant,0,lab,L2,7,0.142857143,dev_rate,NA
28,constant,0,lab,L3,12,0.083333333,dev_rate,NA
28,constant,0,lab,L7,7,0.142857143,dev_rate,NA
28,constant,0,lab,L8,7,0.142857143,dev_rate,NA
28,constant,0,lab,L9,7,0.142857143,dev_rate,NA
28,constant,0,lab,L12,10,0.1,dev_rate,NA
28,constant,0,lab,L14,12,0.083333333,dev_rate,NA
28,constant,0,lab,L15,8,0.125,dev_rate,NA
28,constant,0,lab,L16,8,0.125,dev_rate,NA
28,constant,0,lab,L18,8,0.125,dev_rate,NA
28,constant,0,lab,L22,8,0.125,dev_rate,NA
28,constant,0,lab,L23,7,0.142857143,dev_rate,NA
28,constant,0,lab,L25,6,0.166666667,dev_rate,NA
28,constant,0,lab,L26,7,0.142857143,dev_rate,NA
28,constant,0,lab,L32,7,0.142857143,dev_rate,NA
28,constant,0,lab,L33,9,0.111111111,dev_rate,NA
28,constant,0,lab,L34,6,0.166666667,dev_rate,NA
28,constant,0,lab,L36,7,0.142857143,dev_rate,NA
28,constant,0,lab,L40,7,0.142857143,dev_rate,NA
28,constant,0,lab,L41,7,0.142857143,dev_rate,NA
28,constant,0,lab,L42,8,0.125,dev_rate,NA
28,constant,0,lab,L43,6,0.166666667,dev_rate,NA
28,constant,0,lab,L44,7,0.142857143,dev_rate,NA
28,constant,0,lab,L45,8,0.125,dev_rate,NA
28,constant,0,lab,L46,7,0.142857143,dev_rate,NA
28,constant,0,lab,L47,6,0.166666667,dev_rate,NA
28,constant,0,lab,L48,7,0.142857143,dev_rate,NA
28,constant,0,lab,L50,7,0.142857143,dev_rate,NA
28,constant,0,lab,L52,7,0.142857143,dev_rate,NA
28,constant,0,lab,L53,6,0.166666667,dev_rate,NA
28,constant,0,lab,L54,7,0.142857143,dev_rate,NA
28,constant,0,lab,L55,7,0.142857143,dev_rate,NA
28,constant,0,lab,L56,8,0.125,dev_rate,NA
28,constant,0,lab,L57,7,0.142857143,dev_rate,NA
28,constant,0,field,F2,8,0.125,dev_rate,NA
28,constant,0,field,F3,7,0.142857143,dev_rate,NA
28,constant,0,field,F4,8,0.125,dev_rate,NA
28,constant,0,field,F5,6,0.166666667,dev_rate,NA
28,constant,0,field,F6,7,0.142857143,dev_rate,NA
28,constant,0,field,F7,9,0.111111111,dev_rate,NA
28,constant,0,field,F8,8,0.125,dev_rate,NA
28,constant,0,field,F9,11,0.090909091,dev_rate,NA
28,constant,0,field,F10,9,0.111111111,dev_rate,NA
28,constant,0,field,F11,9,0.111111111,dev_rate,NA
28,constant,0,field,F12,8,0.125,dev_rate,NA
28,constant,0,field,F13,8,0.125,dev_rate,NA
28,constant,0,field,F14,8,0.125,dev_rate,NA
28,constant,0,field,F15,8,0.125,dev_rate,NA
28,constant,0,field,F16,8,0.125,dev_rate,NA
28,constant,0,field,F17,8,0.125,dev_rate,NA
28,constant,0,field,F18,7,0.142857143,dev_rate,NA
28,constant,0,field,F19,8,0.125,dev_rate,NA
28,constant,0,field,F20,8,0.125,dev_rate,NA
28,constant,0,field,F21,6,0.166666667,dev_rate,NA
28,constant,0,field,F22,8,0.125,dev_rate,NA
28,constant,0,field,F23,6,0.166666667,dev_rate,NA
28,constant,0,field,F24,7,0.142857143,dev_rate,NA
28,constant,0,field,F25,8,0.125,dev_rate,NA
28,constant,0,field,F26,7,0.142857143,dev_rate,NA
28,constant,0,field,F27,7,0.142857143,dev_rate,NA
28,constant,0,field,F28,7,0.142857143,dev_rate,NA
28,constant,0,field,F29,7,0.142857143,dev_rate,NA
28,constant,0,field,F30,7,0.142857143,dev_rate,NA
28,constant,0,field,F31,8,0.125,dev_rate,NA
28,constant,0,field,F32,8,0.125,dev_rate,NA
28,constant,0,field,F33,8,0.125,dev_rate,NA
28,constant,0,field,F34,8,0.125,dev_rate,NA
28,constant,0,field,F35,7,0.142857143,dev_rate,NA
28,constant,0,field,F36,7,0.142857143,dev_rate,NA
28,constant,0,field,F37,7,0.142857143,dev_rate,NA
28,constant,0,field,F38,6,0.166666667,dev_rate,NA
28,constant,0,field,F39,7,0.142857143,dev_rate,NA
28,constant,0,field,F40,8,0.125,dev_rate,NA
28,constant,0,field,F41,7,0.142857143,dev_rate,NA
28,constant,0,field,F42,7,0.142857143,dev_rate,NA
28,constant,0,field,F43,7,0.142857143,dev_rate,NA
28,constant,0,field,F44,7,0.142857143,dev_rate,NA
28,constant,0,field,F45,7,0.142857143,dev_rate,NA
28,constant,0,field,F46,7,0.142857143,dev_rate,NA
28,constant,0,field,F47,8,0.125,dev_rate,NA
28,constant,0,field,F48,7,0.142857143,dev_rate,NA
28,constant,0,field,F49,8,0.125,dev_rate,NA
28,constant,0,field,F50,8,0.125,dev_rate,NA
28,fluctuating,5,lab,L1,7,0.142857143,dev_rate,NA
28,fluctuating,5,lab,L2,9,0.111111111,dev_rate,NA
28,fluctuating,5,lab,L3,7,0.142857143,dev_rate,NA
28,fluctuating,5,lab,L4,10,0.1,dev_rate,NA
28,fluctuating,5,lab,L5,10,0.1,dev_rate,NA
28,fluctuating,5,lab,L6,10,0.1,dev_rate,NA
28,fluctuating,5,lab,L7,8,0.125,dev_rate,NA
28,fluctuating,5,lab,L9,8,0.125,dev_rate,NA
28,fluctuating,5,lab,L12,9,0.111111111,dev_rate,NA
28,fluctuating,5,lab,L13,8,0.125,dev_rate,NA
28,fluctuating,5,lab,L14,8,0.125,dev_rate,NA
28,fluctuating,5,lab,L15,7,0.142857143,dev_rate,NA
28,fluctuating,5,lab,L16,7,0.142857143,dev_rate,NA
28,fluctuating,5,lab,L17,8,0.125,dev_rate,NA
28,fluctuating,5,lab,L19,9,0.111111111,dev_rate,NA
28,fluctuating,5,lab,L20,8,0.125,dev_rate,NA
28,fluctuating,5,lab,L21,7,0.142857143,dev_rate,NA
28,fluctuating,5,lab,L22,9,0.111111111,dev_rate,NA
28,fluctuating,5,lab,L23,8,0.125,dev_rate,NA
28,fluctuating,5,lab,L24,6,0.166666667,dev_rate,NA
28,fluctuating,5,lab,L25,8,0.125,dev_rate,NA
28,fluctuating,5,lab,L26,8,0.125,dev_rate,NA
28,fluctuating,5,lab,L27,7,0.142857143,dev_rate,NA
28,fluctuating,5,lab,L28,8,0.125,dev_rate,NA
28,fluctuating,5,lab,L29,8,0.125,dev_rate,NA
28,fluctuating,5,lab,L30,7,0.142857143,dev_rate,NA
28,fluctuating,5,lab,L31,7,0.142857143,dev_rate,NA
28,fluctuating,5,lab,L32,9,0.111111111,dev_rate,NA
28,fluctuating,5,lab,L33,8,0.125,dev_rate,NA
28,fluctuating,5,lab,L34,8,0.125,dev_rate,NA
28,fluctuating,5,lab,L35,9,0.111111111,dev_rate,NA
28,fluctuating,5,lab,L36,8,0.125,dev_rate,NA
28,fluctuating,5,lab,L37,9,0.111111111,dev_rate,NA
28,fluctuating,5,lab,L41,8,0.125,dev_rate,NA
28,fluctuating,5,lab,L42,8,0.125,dev_rate,NA
28,fluctuating,5,lab,L43,7,0.142857143,dev_rate,NA
28,fluctuating,5,lab,L44,9,0.111111111,dev_rate,NA
28,fluctuating,5,lab,L45,9,0.111111111,dev_rate,NA
28,fluctuating,5,lab,L46,8,0.125,dev_rate,NA
28,fluctuating,5,lab,L49,7,0.142857143,dev_rate,NA
28,fluctuating,5,lab,L50,8,0.125,dev_rate,NA
28,fluctuating,5,lab,L51,7,0.142857143,dev_rate,NA
28,fluctuating,5,lab,L52,7,0.142857143,dev_rate,NA
28,fluctuating,5,lab,L53,9,0.111111111,dev_rate,NA
28,fluctuating,5,lab,L54,7,0.142857143,dev_rate,NA
28,fluctuating,5,lab,L56,8,0.125,dev_rate,NA
28,fluctuating,5,lab,L57,7,0.142857143,dev_rate,NA
28,fluctuating,5,lab,L58,9,0.111111111,dev_rate,NA
28,fluctuating,5,field,F1,8,0.125,dev_rate,NA
28,fluctuating,5,field,F2,9,0.111111111,dev_rate,NA
28,fluctuating,5,field,F3,9,0.111111111,dev_rate,NA
28,fluctuating,5,field,F4,9,0.111111111,dev_rate,NA
28,fluctuating,5,field,F6,7,0.142857143,dev_rate,NA
28,fluctuating,5,field,F7,7,0.142857143,dev_rate,NA
28,fluctuating,5,field,F8,8,0.125,dev_rate,NA
28,fluctuating,5,field,F9,8,0.125,dev_rate,NA
28,fluctuating,5,field,F10,8,0.125,dev_rate,NA
28,fluctuating,5,field,F11,10,0.1,dev_rate,NA
28,fluctuating,5,field,F12,10,0.1,dev_rate,NA
28,fluctuating,5,field,F13,10,0.1,dev_rate,NA
28,fluctuating,5,field,F14,8,0.125,dev_rate,NA
28,fluctuating,5,field,F15,7,0.142857143,dev_rate,NA
28,fluctuating,5,field,F16,8,0.125,dev_rate,NA
28,fluctuating,5,field,F17,8,0.125,dev_rate,NA
28,fluctuating,5,field,F18,9,0.111111111,dev_rate,NA
28,fluctuating,5,field,F20,7,0.142857143,dev_rate,NA
28,fluctuating,5,field,F21,8,0.125,dev_rate,NA
28,fluctuating,5,field,F22,9,0.111111111,dev_rate,NA
28,fluctuating,5,field,F23,9,0.111111111,dev_rate,NA
28,fluctuating,5,field,F24,9,0.111111111,dev_rate,NA
28,fluctuating,5,field,F25,7,0.142857143,dev_rate,NA
28,fluctuating,5,field,F26,8,0.125,dev_rate,NA
28,fluctuating,5,field,F27,8,0.125,dev_rate,NA
28,fluctuating,5,field,F28,8,0.125,dev_rate,NA
28,fluctuating,5,field,F29,7,0.142857143,dev_rate,NA
28,fluctuating,5,field,F30,10,0.1,dev_rate,NA
28,fluctuating,5,field,F31,9,0.111111111,dev_rate,NA
28,fluctuating,5,field,F32,8,0.125,dev_rate,NA
28,fluctuating,5,field,F34,9,0.111111111,dev_rate,NA
28,fluctuating,5,field,F35,8,0.125,dev_rate,NA
28,fluctuating,5,field,F36,7,0.142857143,dev_rate,NA
28,fluctuating,5,field,F37,9,0.111111111,dev_rate,NA
28,fluctuating,5,field,F38,10,0.1,dev_rate,NA
28,fluctuating,5,field,F39,8,0.125,dev_rate,NA
28,fluctuating,5,field,F40,8,0.125,dev_rate,NA
28,fluctuating,5,field,F41,8,0.125,dev_rate,NA
28,fluctuating,5,field,F42,7,0.142857143,dev_rate,NA
28,fluctuating,5,field,F44,7,0.142857143,dev_rate,NA
28,fluctuating,5,field,F45,8,0.125,dev_rate,NA
28,fluctuating,5,field,F46,8,0.125,dev_rate,NA
28,fluctuating,5,field,F47,6,0.166666667,dev_rate,NA
28,fluctuating,5,field,F48,6,0.166666667,dev_rate,NA
28,fluctuating,5,field,F49,9,0.111111111,dev_rate,NA
28,fluctuating,5,field,F50,8,0.125,dev_rate,NA
28,fluctuating,5,field,F51,8,0.125,dev_rate,NA
28,fluctuating,5,field,F25（1）,14,0.071428571,dev_rate,NA
28,fluctuating,5,field,F45（1）,12,0.083333333,dev_rate,NA
30,constant,0,lab,L6,12,0.083333333,dev_rate,NA
30,constant,0,lab,L8,8,0.125,dev_rate,NA
30,constant,0,lab,L10,9,0.111111111,dev_rate,NA
30,constant,0,lab,L13,9,0.111111111,dev_rate,NA
30,constant,0,lab,L17,9,0.111111111,dev_rate,NA
30,constant,0,lab,L18,7,0.142857143,dev_rate,NA
30,constant,0,lab,L19,8,0.125,dev_rate,NA
30,constant,0,lab,L20,7,0.142857143,dev_rate,NA
30,constant,0,lab,L21,8,0.125,dev_rate,NA
30,constant,0,lab,L22,7,0.142857143,dev_rate,NA
30,constant,0,lab,L24,7,0.142857143,dev_rate,NA
30,constant,0,lab,L25,8,0.125,dev_rate,NA
30,constant,0,lab,L26,9,0.111111111,dev_rate,NA
30,constant,0,lab,L27,8,0.125,dev_rate,NA
30,constant,0,lab,L28,11,0.090909091,dev_rate,NA
30,constant,0,lab,L29,8,0.125,dev_rate,NA
30,constant,0,lab,L30,7,0.142857143,dev_rate,NA
30,constant,0,lab,L31,11,0.090909091,dev_rate,NA
30,constant,0,lab,L32,10,0.1,dev_rate,NA
30,constant,0,lab,L33,7,0.142857143,dev_rate,NA
30,constant,0,lab,L34,7,0.142857143,dev_rate,NA
30,constant,0,lab,L36,8,0.125,dev_rate,NA
30,constant,0,lab,L37,8,0.125,dev_rate,NA
30,constant,0,lab,L40,9,0.111111111,dev_rate,NA
30,constant,0,lab,L41,7,0.142857143,dev_rate,NA
30,constant,0,lab,L42,8,0.125,dev_rate,NA
30,constant,0,lab,L43,7,0.142857143,dev_rate,NA
30,constant,0,lab,L45,8,0.125,dev_rate,NA
30,constant,0,lab,L46,7,0.142857143,dev_rate,NA
30,constant,0,lab,L47,8,0.125,dev_rate,NA
30,constant,0,lab,L48,7,0.142857143,dev_rate,NA
30,constant,0,lab,L49,9,0.111111111,dev_rate,NA
30,constant,0,lab,L51,7,0.142857143,dev_rate,NA
30,constant,0,lab,L52,8,0.125,dev_rate,NA
30,constant,0,lab,L53,9,0.111111111,dev_rate,NA
30,constant,0,lab,L54,6,0.166666667,dev_rate,NA
30,constant,0,lab,L55,8,0.125,dev_rate,NA
30,constant,0,lab,L56,7,0.142857143,dev_rate,NA
30,constant,0,lab,L57,9,0.111111111,dev_rate,NA
30,constant,0,lab,L59,7,0.142857143,dev_rate,NA
30,constant,0,lab,L60,8,0.125,dev_rate,NA
30,constant,0,lab,L61,7,0.142857143,dev_rate,NA
30,constant,0,lab,L63,7,0.142857143,dev_rate,NA
30,constant,0,lab,L64,7,0.142857143,dev_rate,NA
30,constant,0,lab,L65,7,0.142857143,dev_rate,NA
30,constant,0,lab,L66,7,0.142857143,dev_rate,NA
30,constant,0,lab,L67,8,0.125,dev_rate,NA
30,constant,0,lab,L68,7,0.142857143,dev_rate,NA
30,constant,0,lab,L72,10,0.1,dev_rate,NA
30,constant,0,lab,L76,10,0.1,dev_rate,NA
30,constant,0,lab,L78,8,0.125,dev_rate,NA
30,constant,0,field,F2,10,0.1,dev_rate,NA
30,constant,0,field,F3,9,0.111111111,dev_rate,NA
30,constant,0,field,F5,8,0.125,dev_rate,NA
30,constant,0,field,F6,9,0.111111111,dev_rate,NA
30,constant,0,field,F7,9,0.111111111,dev_rate,NA
30,constant,0,field,F8,9,0.111111111,dev_rate,NA
30,constant,0,field,F9,9,0.111111111,dev_rate,NA
30,constant,0,field,F10,9,0.111111111,dev_rate,NA
30,constant,0,field,F12,10,0.1,dev_rate,NA
30,constant,0,field,F13,9,0.111111111,dev_rate,NA
30,constant,0,field,F16,9,0.111111111,dev_rate,NA
30,constant,0,field,F17,8,0.125,dev_rate,NA
30,constant,0,field,F21,8,0.125,dev_rate,NA
30,constant,0,field,F22,11,0.090909091,dev_rate,NA
30,constant,0,field,F23,10,0.1,dev_rate,NA
30,constant,0,field,F24,8,0.125,dev_rate,NA
30,constant,0,field,F25,10,0.1,dev_rate,NA
30,constant,0,field,F26,7,0.142857143,dev_rate,NA
30,constant,0,field,F27,10,0.1,dev_rate,NA
30,constant,0,field,F28,8,0.125,dev_rate,NA
30,constant,0,field,F29,9,0.111111111,dev_rate,NA
30,constant,0,field,F30,8,0.125,dev_rate,NA
30,constant,0,field,F31,10,0.1,dev_rate,NA
30,constant,0,field,F32,8,0.125,dev_rate,NA
30,constant,0,field,F33,9,0.111111111,dev_rate,NA
30,constant,0,field,F34,12,0.083333333,dev_rate,NA
30,constant,0,field,F35,9,0.111111111,dev_rate,NA
30,constant,0,field,F36,9,0.111111111,dev_rate,NA
30,constant,0,field,F37,7,0.142857143,dev_rate,NA
30,constant,0,field,F38,7,0.142857143,dev_rate,NA
30,constant,0,field,F39,12,0.083333333,dev_rate,NA
30,constant,0,field,F40,9,0.111111111,dev_rate,NA
30,constant,0,field,F41,8,0.125,dev_rate,NA
30,constant,0,field,F42,7,0.142857143,dev_rate,NA
30,constant,0,field,F43,7,0.142857143,dev_rate,NA
30,constant,0,field,F44,8,0.125,dev_rate,NA
30,constant,0,field,F45,8,0.125,dev_rate,NA
30,constant,0,field,F46,9,0.111111111,dev_rate,NA
30,constant,0,field,F47,8,0.125,dev_rate,NA
30,constant,0,field,F48,7,0.142857143,dev_rate,NA
30,constant,0,field,F49,8,0.125,dev_rate,NA
30,constant,0,field,F50,7,0.142857143,dev_rate,NA
30,constant,0,field,F51,7,0.142857143,dev_rate,NA
30,constant,0,field,F64,8,0.125,dev_rate,NA
30,constant,0,field,F65,12,0.083333333,dev_rate,NA
30,constant,0,field,F69,8,0.125,dev_rate,NA
30,fluctuating,5,lab,L1,9,0.111111111,dev_rate,NA
30,fluctuating,5,lab,L2,8,0.125,dev_rate,NA
30,fluctuating,5,lab,L5,9,0.111111111,dev_rate,NA
30,fluctuating,5,lab,L6,9,0.111111111,dev_rate,NA
30,fluctuating,5,lab,L7,7,0.142857143,dev_rate,NA
30,fluctuating,5,lab,L10,11,0.090909091,dev_rate,NA
30,fluctuating,5,lab,L12,10,0.1,dev_rate,NA
30,fluctuating,5,lab,L14,7,0.142857143,dev_rate,NA
30,fluctuating,5,lab,L15,9,0.111111111,dev_rate,NA
30,fluctuating,5,lab,L16,9,0.111111111,dev_rate,NA
30,fluctuating,5,lab,L17,8,0.125,dev_rate,NA
30,fluctuating,5,lab,L18,8,0.125,dev_rate,NA
30,fluctuating,5,lab,L20,9,0.111111111,dev_rate,NA
30,fluctuating,5,lab,L22,7,0.142857143,dev_rate,NA
30,fluctuating,5,lab,L23,8,0.125,dev_rate,NA
30,fluctuating,5,lab,L25,9,0.111111111,dev_rate,NA
30,fluctuating,5,lab,L26,7,0.142857143,dev_rate,NA
30,fluctuating,5,lab,L27,7,0.142857143,dev_rate,NA
30,fluctuating,5,lab,L28,9,0.111111111,dev_rate,NA
30,fluctuating,5,lab,L29,8,0.125,dev_rate,NA
30,fluctuating,5,lab,L30,8,0.125,dev_rate,NA
30,fluctuating,5,lab,L32,8,0.125,dev_rate,NA
30,fluctuating,5,lab,L33,8,0.125,dev_rate,NA
30,fluctuating,5,lab,L35,9,0.111111111,dev_rate,NA
30,fluctuating,5,lab,L36,7,0.142857143,dev_rate,NA
30,fluctuating,5,lab,L37,8,0.125,dev_rate,NA
30,fluctuating,5,lab,L39,7,0.142857143,dev_rate,NA
30,fluctuating,5,lab,L40,10,0.1,dev_rate,NA
30,fluctuating,5,lab,L41,8,0.125,dev_rate,NA
30,fluctuating,5,lab,L42,8,0.125,dev_rate,NA
30,fluctuating,5,lab,L43,8,0.125,dev_rate,NA
30,fluctuating,5,lab,L46,7,0.142857143,dev_rate,NA
30,fluctuating,5,lab,L47,8,0.125,dev_rate,NA
30,fluctuating,5,lab,L48,8,0.125,dev_rate,NA
30,fluctuating,5,lab,L49,8,0.125,dev_rate,NA
30,fluctuating,5,lab,L51,6,0.166666667,dev_rate,NA
30,fluctuating,5,lab,L52,9,0.111111111,dev_rate,NA
30,fluctuating,5,lab,L55,7,0.142857143,dev_rate,NA
30,fluctuating,5,lab,L56,10,0.1,dev_rate,NA
30,fluctuating,5,lab,L57,9,0.111111111,dev_rate,NA
30,fluctuating,5,lab,L58,7,0.142857143,dev_rate,NA
30,fluctuating,5,lab,L59,8,0.125,dev_rate,NA
30,fluctuating,5,lab,L60,9,0.111111111,dev_rate,NA
30,fluctuating,5,lab,L61,7,0.142857143,dev_rate,NA
30,fluctuating,5,lab,L62,7,0.142857143,dev_rate,NA
30,fluctuating,5,lab,L63,8,0.125,dev_rate,NA
30,fluctuating,5,lab,L64,9,0.111111111,dev_rate,NA
30,fluctuating,5,lab,L65,7,0.142857143,dev_rate,NA
30,fluctuating,5,lab,L66,7,0.142857143,dev_rate,NA
30,fluctuating,5,lab,L68,8,0.125,dev_rate,NA
30,fluctuating,5,lab,L78,9,0.111111111,dev_rate,NA
30,fluctuating,5,lab,L80,7,0.142857143,dev_rate,NA
30,fluctuating,5,lab,L15（1）,10,0.1,dev_rate,NA
30,fluctuating,5,lab,L16（1）,10,0.1,dev_rate,NA
30,fluctuating,5,lab,L36（1）,10,0.1,dev_rate,NA
30,fluctuating,5,lab,L51（1）,10,0.1,dev_rate,NA
30,fluctuating,5,lab,L22（1）,10,0.1,dev_rate,NA
30,fluctuating,5,lab,L23（1）,11,0.090909091,dev_rate,NA
30,fluctuating,5,lab,L30（1）,10,0.1,dev_rate,NA
30,fluctuating,5,field,F1,6,0.166666667,dev_rate,NA
30,fluctuating,5,field,F2,8,0.125,dev_rate,NA
30,fluctuating,5,field,F3,9,0.111111111,dev_rate,NA
30,fluctuating,5,field,F4,7,0.142857143,dev_rate,NA
30,fluctuating,5,field,F5,7,0.142857143,dev_rate,NA
30,fluctuating,5,field,F6,7,0.142857143,dev_rate,NA
30,fluctuating,5,field,F7,9,0.111111111,dev_rate,NA
30,fluctuating,5,field,F8,8,0.125,dev_rate,NA
30,fluctuating,5,field,F9,8,0.125,dev_rate,NA
30,fluctuating,5,field,F12,11,0.090909091,dev_rate,NA
30,fluctuating,5,field,F13,10,0.1,dev_rate,NA
30,fluctuating,5,field,F14,8,0.125,dev_rate,NA
30,fluctuating,5,field,F15,8,0.125,dev_rate,NA
30,fluctuating,5,field,F16,8,0.125,dev_rate,NA
30,fluctuating,5,field,F17,7,0.142857143,dev_rate,NA
30,fluctuating,5,field,F18,8,0.125,dev_rate,NA
30,fluctuating,5,field,F19,10,0.1,dev_rate,NA
30,fluctuating,5,field,F20,11,0.090909091,dev_rate,NA
30,fluctuating,5,field,F21,9,0.111111111,dev_rate,NA
30,fluctuating,5,field,F23,7,0.142857143,dev_rate,NA
30,fluctuating,5,field,F24,7,0.142857143,dev_rate,NA
30,fluctuating,5,field,F26,9,0.111111111,dev_rate,NA
30,fluctuating,5,field,F27,12,0.083333333,dev_rate,NA
30,fluctuating,5,field,F28,7,0.142857143,dev_rate,NA
30,fluctuating,5,field,F29,7,0.142857143,dev_rate,NA
30,fluctuating,5,field,F30,7,0.142857143,dev_rate,NA
30,fluctuating,5,field,F31,8,0.125,dev_rate,NA
30,fluctuating,5,field,F32,8,0.125,dev_rate,NA
30,fluctuating,5,field,F33,8,0.125,dev_rate,NA
30,fluctuating,5,field,F34,7,0.142857143,dev_rate,NA
30,fluctuating,5,field,F35,9,0.111111111,dev_rate,NA
30,fluctuating,5,field,F36,7,0.142857143,dev_rate,NA
30,fluctuating,5,field,F37,8,0.125,dev_rate,NA
30,fluctuating,5,field,F38,9,0.111111111,dev_rate,NA
30,fluctuating,5,field,F39,9,0.111111111,dev_rate,NA
30,fluctuating,5,field,F40,9,0.111111111,dev_rate,NA
30,fluctuating,5,field,F41,8,0.125,dev_rate,NA
30,fluctuating,5,field,F42,11,0.090909091,dev_rate,NA
30,fluctuating,5,field,F43,7,0.142857143,dev_rate,NA
30,fluctuating,5,field,F44,9,0.111111111,dev_rate,NA
30,fluctuating,5,field,F45,9,0.111111111,dev_rate,NA
30,fluctuating,5,field,F46,10,0.1,dev_rate,NA
30,fluctuating,5,field,F47,9,0.111111111,dev_rate,NA
30,fluctuating,5,field,F48,8,0.125,dev_rate,NA
30,fluctuating,5,field,F49,10,0.1,dev_rate,NA
30,fluctuating,5,field,F50,9,0.111111111,dev_rate,NA
32,constant,0,lab,L7,12,0.083333333,dev_rate,NA
32,constant,0,lab,L26,8,0.125,dev_rate,NA
32,constant,0,lab,L34,8,0.125,dev_rate,NA
32,constant,0,lab,L40,7,0.142857143,dev_rate,NA
32,constant,0,lab,L48,11,0.090909091,dev_rate,NA
32,constant,0,lab,L55,8,0.125,dev_rate,NA
32,constant,0,lab,L68,11,0.090909091,dev_rate,NA
32,constant,0,lab,L70,9,0.111111111,dev_rate,NA
32,constant,0,lab,L78,9,0.111111111,dev_rate,NA
32,constant,0,field,F18,12,0.083333333,dev_rate,NA
32,constant,0,field,F26,9,0.111111111,dev_rate,NA
32,constant,0,field,F51,9,0.111111111,dev_rate,NA
32,constant,0,field,F67,10,0.1,dev_rate,NA
32,constant,0,field,F68,12,0.083333333,dev_rate,NA
32,constant,0,field,F69,10,0.1,dev_rate,NA
32,constant,0,field,F73,10,0.1,dev_rate,NA
32,constant,0,field,F76,9,0.111111111,dev_rate,NA
32,constant,0,field,F79,10,0.1,dev_rate,NA
32,constant,0,field,F81,10,0.1,dev_rate,NA
32,fluctuating,5,lab,L22,10,0.1,dev_rate,NA
32,fluctuating,5,lab,L79,11,0.090909091,dev_rate,NA
32,fluctuating,5,lab,L80,8,0.125,dev_rate,NA
32,fluctuating,5,field,F21,10,0.1,dev_rate,NA
32,fluctuating,5,field,F23,12,0.083333333,dev_rate,NA
32,fluctuating,5,field,F38,11,0.090909091,dev_rate,NA
32,fluctuating,5,field,F42,11,0.090909091,dev_rate,NA
32,fluctuating,5,field,F46,9,0.111111111,dev_rate,NA
32,fluctuating,5,field,F50,10,0.1,dev_rate,NA
32,fluctuating,5,field,F51,8,0.125,dev_rate,NA
32,fluctuating,5,field,F52,11,0.090909091,dev_rate,NA
32,fluctuating,5,field,F53,9,0.111111111,dev_rate,NA
32,fluctuating,5,field,F57,12,0.083333333,dev_rate,NA
32,fluctuating,5,field,F61,10,0.1,dev_rate,NA
32,fluctuating,5,field,F62,10,0.1,dev_rate,NA
32,fluctuating,5,field,F64,9,0.111111111,dev_rate,NA
32,fluctuating,5,field,F66,8,0.125,dev_rate,NA
32,fluctuating,5,field,F67,9,0.111111111,dev_rate,NA
32,fluctuating,5,field,F70,9,0.111111111,dev_rate,NA
32,fluctuating,5,field,F72,8,0.125,dev_rate,NA
32,fluctuating,5,field,F73,8,0.125,dev_rate,NA
32,fluctuating,5,field,F74,13,0.076923077,dev_rate,NA
32,fluctuating,5,field,F78,11,0.090909091,dev_rate,NA
32,fluctuating,5,field,F79,9,0.111111111,dev_rate,NA
32,fluctuating,5,field,F81,11,0.090909091,dev_rate,NA
28,constant,0,lab,L2,NA,45,fecundity,NA
28,constant,0,lab,L3,NA,1,fecundity,NA
28,constant,0,lab,L7,NA,17,fecundity,NA
28,constant,0,lab,L8,NA,32,fecundity,NA
28,constant,0,lab,L9,NA,11,fecundity,NA
28,constant,0,lab,L12,NA,5,fecundity,NA
28,constant,0,lab,L14,NA,1,fecundity,NA
28,constant,0,lab,L15,NA,2,fecundity,NA
28,constant,0,lab,L16,NA,16,fecundity,NA
28,constant,0,lab,L18,NA,21,fecundity,NA
28,constant,0,lab,L22,NA,10,fecundity,NA
28,constant,0,lab,L23,NA,3,fecundity,NA
28,constant,0,lab,L25,NA,15,fecundity,NA
28,constant,0,lab,L26,NA,8,fecundity,NA
28,constant,0,lab,L32,NA,2,fecundity,NA
28,constant,0,lab,L33,NA,1,fecundity,NA
28,constant,0,lab,L34,NA,31,fecundity,NA
28,constant,0,lab,L36,NA,11,fecundity,NA
28,constant,0,lab,L40,NA,22,fecundity,NA
28,constant,0,lab,L41,NA,20,fecundity,NA
28,constant,0,lab,L42,NA,11,fecundity,NA
28,constant,0,lab,L43,NA,51,fecundity,NA
28,constant,0,lab,L44,NA,19,fecundity,NA
28,constant,0,lab,L45,NA,37,fecundity,NA
28,constant,0,lab,L46,NA,30,fecundity,NA
28,constant,0,lab,L47,NA,45,fecundity,NA
28,constant,0,lab,L48,NA,26,fecundity,NA
28,constant,0,lab,L50,NA,20,fecundity,NA
28,constant,0,lab,L52,NA,37,fecundity,NA
28,constant,0,lab,L53,NA,20,fecundity,NA
28,constant,0,lab,L54,NA,34,fecundity,NA
28,constant,0,lab,L55,NA,27,fecundity,NA
28,constant,0,lab,L56,NA,24,fecundity,NA
28,constant,0,lab,L57,NA,20,fecundity,NA
28,constant,0,field,F2,NA,41,fecundity,NA
28,constant,0,field,F3,NA,37,fecundity,NA
28,constant,0,field,F4,NA,14,fecundity,NA
28,constant,0,field,F5,NA,75,fecundity,NA
28,constant,0,field,F6,NA,53,fecundity,NA
28,constant,0,field,F7,NA,45,fecundity,NA
28,constant,0,field,F8,NA,40,fecundity,NA
28,constant,0,field,F9,NA,11,fecundity,NA
28,constant,0,field,F10,NA,9,fecundity,NA
28,constant,0,field,F11,NA,31,fecundity,NA
28,constant,0,field,F12,NA,34,fecundity,NA
28,constant,0,field,F13,NA,51,fecundity,NA
28,constant,0,field,F14,NA,44,fecundity,NA
28,constant,0,field,F15,NA,28,fecundity,NA
28,constant,0,field,F16,NA,50,fecundity,NA
28,constant,0,field,F17,NA,30,fecundity,NA
28,constant,0,field,F18,NA,58,fecundity,NA
28,constant,0,field,F19,NA,23,fecundity,NA
28,constant,0,field,F20,NA,48,fecundity,NA
28,constant,0,field,F21,NA,55,fecundity,NA
28,constant,0,field,F22,NA,22,fecundity,NA
28,constant,0,field,F23,NA,64,fecundity,NA
28,constant,0,field,F24,NA,43,fecundity,NA
28,constant,0,field,F25,NA,39,fecundity,NA
28,constant,0,field,F26,NA,50,fecundity,NA
28,constant,0,field,F27,NA,47,fecundity,NA
28,constant,0,field,F28,NA,79,fecundity,NA
28,constant,0,field,F29,NA,56,fecundity,NA
28,constant,0,field,F30,NA,8,fecundity,NA
28,constant,0,field,F31,NA,41,fecundity,NA
28,constant,0,field,F32,NA,35,fecundity,NA
28,constant,0,field,F33,NA,23,fecundity,NA
28,constant,0,field,F34,NA,34,fecundity,NA
28,constant,0,field,F35,NA,47,fecundity,NA
28,constant,0,field,F36,NA,37,fecundity,NA
28,constant,0,field,F37,NA,70,fecundity,NA
28,constant,0,field,F38,NA,48,fecundity,NA
28,constant,0,field,F39,NA,55,fecundity,NA
28,constant,0,field,F40,NA,37,fecundity,NA
28,constant,0,field,F41,NA,32,fecundity,NA
28,constant,0,field,F42,NA,58,fecundity,NA
28,constant,0,field,F43,NA,16,fecundity,NA
28,constant,0,field,F44,NA,52,fecundity,NA
28,constant,0,field,F45,NA,60,fecundity,NA
28,constant,0,field,F46,NA,28,fecundity,NA
28,constant,0,field,F47,NA,28,fecundity,NA
28,constant,0,field,F48,NA,1,fecundity,NA
28,constant,0,field,F49,NA,54,fecundity,NA
28,constant,0,field,F50,NA,44,fecundity,NA
28,fluctuating,5,lab,L1,NA,4,fecundity,NA
28,fluctuating,5,lab,L2,NA,2,fecundity,NA
28,fluctuating,5,lab,L3,NA,50,fecundity,NA
28,fluctuating,5,lab,L4,NA,6,fecundity,NA
28,fluctuating,5,lab,L5,NA,4,fecundity,NA
28,fluctuating,5,lab,L6,NA,9,fecundity,NA
28,fluctuating,5,lab,L7,NA,8,fecundity,NA
28,fluctuating,5,lab,L9,NA,20,fecundity,NA
28,fluctuating,5,lab,L12,NA,18,fecundity,NA
28,fluctuating,5,lab,L13,NA,3,fecundity,NA
28,fluctuating,5,lab,L14,NA,32,fecundity,NA
28,fluctuating,5,lab,L15,NA,33,fecundity,NA
28,fluctuating,5,lab,L16,NA,34,fecundity,NA
28,fluctuating,5,lab,L17,NA,39,fecundity,NA
28,fluctuating,5,lab,L19,NA,6,fecundity,NA
28,fluctuating,5,lab,L20,NA,19,fecundity,NA
28,fluctuating,5,lab,L21,NA,19,fecundity,NA
28,fluctuating,5,lab,L22,NA,12,fecundity,NA
28,fluctuating,5,lab,L23,NA,9,fecundity,NA
28,fluctuating,5,lab,L24,NA,41,fecundity,NA
28,fluctuating,5,lab,L25,NA,20,fecundity,NA
28,fluctuating,5,lab,L26,NA,24,fecundity,NA
28,fluctuating,5,lab,L27,NA,19,fecundity,NA
28,fluctuating,5,lab,L28,NA,22,fecundity,NA
28,fluctuating,5,lab,L29,NA,42,fecundity,NA
28,fluctuating,5,lab,L30,NA,39,fecundity,NA
28,fluctuating,5,lab,L31,NA,47,fecundity,NA
28,fluctuating,5,lab,L32,NA,13,fecundity,NA
28,fluctuating,5,lab,L33,NA,36,fecundity,NA
28,fluctuating,5,lab,L34,NA,35,fecundity,NA
28,fluctuating,5,lab,L35,NA,25,fecundity,NA
28,fluctuating,5,lab,L36,NA,22,fecundity,NA
28,fluctuating,5,lab,L37,NA,4,fecundity,NA
28,fluctuating,5,lab,L41,NA,32,fecundity,NA
28,fluctuating,5,lab,L42,NA,10,fecundity,NA
28,fluctuating,5,lab,L43,NA,47,fecundity,NA
28,fluctuating,5,lab,L44,NA,15,fecundity,NA
28,fluctuating,5,lab,L45,NA,28,fecundity,NA
28,fluctuating,5,lab,L46,NA,33,fecundity,NA
28,fluctuating,5,lab,L49,NA,39,fecundity,NA
28,fluctuating,5,lab,L50,NA,17,fecundity,NA
28,fluctuating,5,lab,L51,NA,28,fecundity,NA
28,fluctuating,5,lab,L52,NA,41,fecundity,NA
28,fluctuating,5,lab,L53,NA,8,fecundity,NA
28,fluctuating,5,lab,L54,NA,37,fecundity,NA
28,fluctuating,5,lab,L56,NA,33,fecundity,NA
28,fluctuating,5,lab,L57,NA,14,fecundity,NA
28,fluctuating,5,lab,L58,NA,14,fecundity,NA
28,fluctuating,5,field,F1,NA,65,fecundity,NA
28,fluctuating,5,field,F2,NA,53,fecundity,NA
28,fluctuating,5,field,F3,NA,50,fecundity,NA
28,fluctuating,5,field,F4,NA,49,fecundity,NA
28,fluctuating,5,field,F6,NA,59,fecundity,NA
28,fluctuating,5,field,F7,NA,47,fecundity,NA
28,fluctuating,5,field,F8,NA,35,fecundity,NA
28,fluctuating,5,field,F9,NA,63,fecundity,NA
28,fluctuating,5,field,F10,NA,71,fecundity,NA
28,fluctuating,5,field,F11,NA,21,fecundity,NA
28,fluctuating,5,field,F12,NA,23,fecundity,NA
28,fluctuating,5,field,F13,NA,26,fecundity,NA
28,fluctuating,5,field,F14,NA,62,fecundity,NA
28,fluctuating,5,field,F15,NA,44,fecundity,NA
28,fluctuating,5,field,F16,NA,48,fecundity,NA
28,fluctuating,5,field,F17,NA,56,fecundity,NA
28,fluctuating,5,field,F18,NA,70,fecundity,NA
28,fluctuating,5,field,F20,NA,72,fecundity,NA
28,fluctuating,5,field,F21,NA,69,fecundity,NA
28,fluctuating,5,field,F22,NA,58,fecundity,NA
28,fluctuating,5,field,F23,NA,65,fecundity,NA
28,fluctuating,5,field,F24,NA,65,fecundity,NA
28,fluctuating,5,field,F25,NA,55,fecundity,NA
28,fluctuating,5,field,F26,NA,43,fecundity,NA
28,fluctuating,5,field,F27,NA,31,fecundity,NA
28,fluctuating,5,field,F28,NA,40,fecundity,NA
28,fluctuating,5,field,F29,NA,56,fecundity,NA
28,fluctuating,5,field,F30,NA,48,fecundity,NA
28,fluctuating,5,field,F31,NA,38,fecundity,NA
28,fluctuating,5,field,F32,NA,67,fecundity,NA
28,fluctuating,5,field,F34,NA,32,fecundity,NA
28,fluctuating,5,field,F35,NA,55,fecundity,NA
28,fluctuating,5,field,F36,NA,36,fecundity,NA
28,fluctuating,5,field,F37,NA,24,fecundity,NA
28,fluctuating,5,field,F38,NA,24,fecundity,NA
28,fluctuating,5,field,F39,NA,11,fecundity,NA
28,fluctuating,5,field,F40,NA,72,fecundity,NA
28,fluctuating,5,field,F41,NA,41,fecundity,NA
28,fluctuating,5,field,F42,NA,65,fecundity,NA
28,fluctuating,5,field,F44,NA,36,fecundity,NA
28,fluctuating,5,field,F45,NA,40,fecundity,NA
28,fluctuating,5,field,F46,NA,58,fecundity,NA
28,fluctuating,5,field,F47,NA,59,fecundity,NA
28,fluctuating,5,field,F48,NA,82,fecundity,NA
28,fluctuating,5,field,F49,NA,31,fecundity,NA
28,fluctuating,5,field,F50,NA,55,fecundity,NA
28,fluctuating,5,field,F51,NA,10,fecundity,NA
28,fluctuating,5,field,F25（1）,NA,19,fecundity,NA
28,fluctuating,5,field,F45（1）,NA,24,fecundity,NA
30,constant,0,lab,L6,NA,2,fecundity,NA
30,constant,0,lab,L8,NA,8,fecundity,NA
30,constant,0,lab,L10,NA,11,fecundity,NA
30,constant,0,lab,L13,NA,9,fecundity,NA
30,constant,0,lab,L17,NA,3,fecundity,NA
30,constant,0,lab,L18,NA,12,fecundity,NA
30,constant,0,lab,L19,NA,4,fecundity,NA
30,constant,0,lab,L20,NA,21,fecundity,NA
30,constant,0,lab,L21,NA,13,fecundity,NA
30,constant,0,lab,L22,NA,20,fecundity,NA
30,constant,0,lab,L24,NA,1,fecundity,NA
30,constant,0,lab,L25,NA,11,fecundity,NA
30,constant,0,lab,L26,NA,13,fecundity,NA
30,constant,0,lab,L27,NA,21,fecundity,NA
30,constant,0,lab,L28,NA,2,fecundity,NA
30,constant,0,lab,L29,NA,13,fecundity,NA
30,constant,0,lab,L30,NA,6,fecundity,NA
30,constant,0,lab,L31,NA,1,fecundity,NA
30,constant,0,lab,L32,NA,6,fecundity,NA
30,constant,0,lab,L33,NA,21,fecundity,NA
30,constant,0,lab,L34,NA,16,fecundity,NA
30,constant,0,lab,L36,NA,13,fecundity,NA
30,constant,0,lab,L37,NA,18,fecundity,NA
30,constant,0,lab,L40,NA,12,fecundity,NA
30,constant,0,lab,L41,NA,23,fecundity,NA
30,constant,0,lab,L42,NA,23,fecundity,NA
30,constant,0,lab,L43,NA,12,fecundity,NA
30,constant,0,lab,L45,NA,8,fecundity,NA
30,constant,0,lab,L46,NA,12,fecundity,NA
30,constant,0,lab,L47,NA,13,fecundity,NA
30,constant,0,lab,L48,NA,22,fecundity,NA
30,constant,0,lab,L49,NA,8,fecundity,NA
30,constant,0,lab,L51,NA,12,fecundity,NA
30,constant,0,lab,L52,NA,9,fecundity,NA
30,constant,0,lab,L53,NA,14,fecundity,NA
30,constant,0,lab,L54,NA,22,fecundity,NA
30,constant,0,lab,L55,NA,14,fecundity,NA
30,constant,0,lab,L56,NA,14,fecundity,NA
30,constant,0,lab,L57,NA,11,fecundity,NA
30,constant,0,lab,L59,NA,23,fecundity,NA
30,constant,0,lab,L60,NA,3,fecundity,NA
30,constant,0,lab,L61,NA,14,fecundity,NA
30,constant,0,lab,L63,NA,16,fecundity,NA
30,constant,0,lab,L64,NA,14,fecundity,NA
30,constant,0,lab,L65,NA,4,fecundity,NA
30,constant,0,lab,L66,NA,8,fecundity,NA
30,constant,0,lab,L67,NA,12,fecundity,NA
30,constant,0,lab,L68,NA,14,fecundity,NA
30,constant,0,lab,L72,NA,1,fecundity,NA
30,constant,0,lab,L76,NA,3,fecundity,NA
30,constant,0,lab,L78,NA,4,fecundity,NA
30,constant,0,field,F2,NA,9,fecundity,NA
30,constant,0,field,F3,NA,17,fecundity,NA
30,constant,0,field,F5,NA,17,fecundity,NA
30,constant,0,field,F6,NA,21,fecundity,NA
30,constant,0,field,F7,NA,8,fecundity,NA
30,constant,0,field,F8,NA,11,fecundity,NA
30,constant,0,field,F9,NA,10,fecundity,NA
30,constant,0,field,F10,NA,8,fecundity,NA
30,constant,0,field,F12,NA,17,fecundity,NA
30,constant,0,field,F13,NA,15,fecundity,NA
30,constant,0,field,F16,NA,30,fecundity,NA
30,constant,0,field,F17,NA,44,fecundity,NA
30,constant,0,field,F21,NA,22,fecundity,NA
30,constant,0,field,F22,NA,6,fecundity,NA
30,constant,0,field,F23,NA,13,fecundity,NA
30,constant,0,field,F24,NA,13,fecundity,NA
30,constant,0,field,F25,NA,3,fecundity,NA
30,constant,0,field,F26,NA,16,fecundity,NA
30,constant,0,field,F27,NA,5,fecundity,NA
30,constant,0,field,F28,NA,14,fecundity,NA
30,constant,0,field,F29,NA,10,fecundity,NA
30,constant,0,field,F30,NA,16,fecundity,NA
30,constant,0,field,F31,NA,11,fecundity,NA
30,constant,0,field,F32,NA,4,fecundity,NA
30,constant,0,field,F33,NA,14,fecundity,NA
30,constant,0,field,F34,NA,3,fecundity,NA
30,constant,0,field,F35,NA,10,fecundity,NA
30,constant,0,field,F36,NA,14,fecundity,NA
30,constant,0,field,F37,NA,13,fecundity,NA
30,constant,0,field,F38,NA,34,fecundity,NA
30,constant,0,field,F39,NA,3,fecundity,NA
30,constant,0,field,F40,NA,15,fecundity,NA
30,constant,0,field,F41,NA,17,fecundity,NA
30,constant,0,field,F42,NA,26,fecundity,NA
30,constant,0,field,F43,NA,39,fecundity,NA
30,constant,0,field,F44,NA,3,fecundity,NA
30,constant,0,field,F45,NA,17,fecundity,NA
30,constant,0,field,F46,NA,9,fecundity,NA
30,constant,0,field,F47,NA,9,fecundity,NA
30,constant,0,field,F48,NA,30,fecundity,NA
30,constant,0,field,F49,NA,19,fecundity,NA
30,constant,0,field,F50,NA,30,fecundity,NA
30,constant,0,field,F51,NA,28,fecundity,NA
30,constant,0,field,F64,NA,7,fecundity,NA
30,constant,0,field,F65,NA,5,fecundity,NA
30,constant,0,field,F69,NA,1,fecundity,NA
30,fluctuating,5,lab,L1,NA,15,fecundity,NA
30,fluctuating,5,lab,L2,NA,4,fecundity,NA
30,fluctuating,5,lab,L5,NA,7,fecundity,NA
30,fluctuating,5,lab,L6,NA,4,fecundity,NA
30,fluctuating,5,lab,L7,NA,4,fecundity,NA
30,fluctuating,5,lab,L10,NA,2,fecundity,NA
30,fluctuating,5,lab,L12,NA,7,fecundity,NA
30,fluctuating,5,lab,L14,NA,8,fecundity,NA
30,fluctuating,5,lab,L15,NA,10,fecundity,NA
30,fluctuating,5,lab,L16,NA,24,fecundity,NA
30,fluctuating,5,lab,L17,NA,26,fecundity,NA
30,fluctuating,5,lab,L18,NA,14,fecundity,NA
30,fluctuating,5,lab,L20,NA,11,fecundity,NA
30,fluctuating,5,lab,L22,NA,32,fecundity,NA
30,fluctuating,5,lab,L23,NA,14,fecundity,NA
30,fluctuating,5,lab,L25,NA,13,fecundity,NA
30,fluctuating,5,lab,L26,NA,25,fecundity,NA
30,fluctuating,5,lab,L27,NA,9,fecundity,NA
30,fluctuating,5,lab,L28,NA,8,fecundity,NA
30,fluctuating,5,lab,L29,NA,17,fecundity,NA
30,fluctuating,5,lab,L30,NA,31,fecundity,NA
30,fluctuating,5,lab,L32,NA,20,fecundity,NA
30,fluctuating,5,lab,L33,NA,13,fecundity,NA
30,fluctuating,5,lab,L35,NA,21,fecundity,NA
30,fluctuating,5,lab,L36,NA,26,fecundity,NA
30,fluctuating,5,lab,L37,NA,16,fecundity,NA
30,fluctuating,5,lab,L39,NA,16,fecundity,NA
30,fluctuating,5,lab,L40,NA,13,fecundity,NA
30,fluctuating,5,lab,L41,NA,26,fecundity,NA
30,fluctuating,5,lab,L42,NA,14,fecundity,NA
30,fluctuating,5,lab,L43,NA,18,fecundity,NA
30,fluctuating,5,lab,L46,NA,34,fecundity,NA
30,fluctuating,5,lab,L47,NA,6,fecundity,NA
30,fluctuating,5,lab,L48,NA,12,fecundity,NA
30,fluctuating,5,lab,L49,NA,4,fecundity,NA
30,fluctuating,5,lab,L51,NA,32,fecundity,NA
30,fluctuating,5,lab,L52,NA,15,fecundity,NA
30,fluctuating,5,lab,L55,NA,16,fecundity,NA
30,fluctuating,5,lab,L56,NA,21,fecundity,NA
30,fluctuating,5,lab,L57,NA,2,fecundity,NA
30,fluctuating,5,lab,L58,NA,22,fecundity,NA
30,fluctuating,5,lab,L59,NA,12,fecundity,NA
30,fluctuating,5,lab,L60,NA,21,fecundity,NA
30,fluctuating,5,lab,L61,NA,19,fecundity,NA
30,fluctuating,5,lab,L62,NA,24,fecundity,NA
30,fluctuating,5,lab,L63,NA,15,fecundity,NA
30,fluctuating,5,lab,L64,NA,14,fecundity,NA
30,fluctuating,5,lab,L65,NA,13,fecundity,NA
30,fluctuating,5,lab,L66,NA,3,fecundity,NA
30,fluctuating,5,lab,L68,NA,16,fecundity,NA
30,fluctuating,5,lab,L78,NA,4,fecundity,NA
30,fluctuating,5,lab,L80,NA,14,fecundity,NA
30,fluctuating,5,lab,L15（1）,NA,15,fecundity,NA
30,fluctuating,5,lab,L16（1）,NA,26,fecundity,NA
30,fluctuating,5,lab,L36（1）,NA,21,fecundity,NA
30,fluctuating,5,lab,L51（1）,NA,20,fecundity,NA
30,fluctuating,5,lab,L22（1）,NA,17,fecundity,NA
30,fluctuating,5,lab,L23（1）,NA,2,fecundity,NA
30,fluctuating,5,lab,L30（1）,NA,9,fecundity,NA
30,fluctuating,5,field,F1,NA,22,fecundity,NA
30,fluctuating,5,field,F2,NA,35,fecundity,NA
30,fluctuating,5,field,F3,NA,13,fecundity,NA
30,fluctuating,5,field,F4,NA,31,fecundity,NA
30,fluctuating,5,field,F5,NA,38,fecundity,NA
30,fluctuating,5,field,F6,NA,57,fecundity,NA
30,fluctuating,5,field,F7,NA,29,fecundity,NA
30,fluctuating,5,field,F8,NA,39,fecundity,NA
30,fluctuating,5,field,F9,NA,29,fecundity,NA
30,fluctuating,5,field,F12,NA,12,fecundity,NA
30,fluctuating,5,field,F13,NA,19,fecundity,NA
30,fluctuating,5,field,F14,NA,23,fecundity,NA
30,fluctuating,5,field,F15,NA,31,fecundity,NA
30,fluctuating,5,field,F16,NA,25,fecundity,NA
30,fluctuating,5,field,F17,NA,34,fecundity,NA
30,fluctuating,5,field,F18,NA,31,fecundity,NA
30,fluctuating,5,field,F19,NA,24,fecundity,NA
30,fluctuating,5,field,F20,NA,12,fecundity,NA
30,fluctuating,5,field,F21,NA,41,fecundity,NA
30,fluctuating,5,field,F23,NA,39,fecundity,NA
30,fluctuating,5,field,F24,NA,37,fecundity,NA
30,fluctuating,5,field,F26,NA,31,fecundity,NA
30,fluctuating,5,field,F27,NA,2,fecundity,NA
30,fluctuating,5,field,F28,NA,36,fecundity,NA
30,fluctuating,5,field,F29,NA,34,fecundity,NA
30,fluctuating,5,field,F30,NA,37,fecundity,NA
30,fluctuating,5,field,F31,NA,28,fecundity,NA
30,fluctuating,5,field,F32,NA,23,fecundity,NA
30,fluctuating,5,field,F33,NA,44,fecundity,NA
30,fluctuating,5,field,F34,NA,45,fecundity,NA
30,fluctuating,5,field,F35,NA,21,fecundity,NA
30,fluctuating,5,field,F36,NA,35,fecundity,NA
30,fluctuating,5,field,F37,NA,32,fecundity,NA
30,fluctuating,5,field,F38,NA,24,fecundity,NA
30,fluctuating,5,field,F39,NA,36,fecundity,NA
30,fluctuating,5,field,F40,NA,22,fecundity,NA
30,fluctuating,5,field,F41,NA,43,fecundity,NA
30,fluctuating,5,field,F42,NA,1,fecundity,NA
30,fluctuating,5,field,F43,NA,49,fecundity,NA
30,fluctuating,5,field,F44,NA,13,fecundity,NA
30,fluctuating,5,field,F45,NA,36,fecundity,NA
30,fluctuating,5,field,F46,NA,19,fecundity,NA
30,fluctuating,5,field,F47,NA,28,fecundity,NA
30,fluctuating,5,field,F48,NA,27,fecundity,NA
30,fluctuating,5,field,F49,NA,10,fecundity,NA
30,fluctuating,5,field,F50,NA,21,fecundity,NA
32,constant,0,lab,L7,NA,1,fecundity,NA
32,constant,0,lab,L26,NA,1,fecundity,NA
32,constant,0,lab,L34,NA,10,fecundity,NA
32,constant,0,lab,L40,NA,1,fecundity,NA
32,constant,0,lab,L48,NA,1,fecundity,NA
32,constant,0,lab,L55,NA,1,fecundity,NA
32,constant,0,lab,L68,NA,1,fecundity,NA
32,constant,0,lab,L70,NA,2,fecundity,NA
32,constant,0,lab,L78,NA,1,fecundity,NA
32,constant,0,field,F18,NA,7,fecundity,NA
32,constant,0,field,F26,NA,4,fecundity,NA
32,constant,0,field,F51,NA,7,fecundity,NA
32,constant,0,field,F67,NA,3,fecundity,NA
32,constant,0,field,F68,NA,4,fecundity,NA
32,constant,0,field,F69,NA,4,fecundity,NA
32,constant,0,field,F73,NA,2,fecundity,NA
32,constant,0,field,F76,NA,1,fecundity,NA
32,constant,0,field,F79,NA,4,fecundity,NA
32,constant,0,field,F81,NA,4,fecundity,NA
32,fluctuating,5,lab,L22,NA,3,fecundity,NA
32,fluctuating,5,lab,L79,NA,2,fecundity,NA
32,fluctuating,5,lab,L80,NA,3,fecundity,NA
32,fluctuating,5,field,F21,NA,6,fecundity,NA
32,fluctuating,5,field,F23,NA,2,fecundity,NA
32,fluctuating,5,field,F38,NA,3,fecundity,NA
32,fluctuating,5,field,F42,NA,3,fecundity,NA
32,fluctuating,5,field,F46,NA,7,fecundity,NA
32,fluctuating,5,field,F50,NA,1,fecundity,NA
32,fluctuating,5,field,F51,NA,14,fecundity,NA
32,fluctuating,5,field,F52,NA,7,fecundity,NA
32,fluctuating,5,field,F53,NA,14,fecundity,NA
32,fluctuating,5,field,F57,NA,2,fecundity,NA
32,fluctuating,5,field,F61,NA,2,fecundity,NA
32,fluctuating,5,field,F62,NA,8,fecundity,NA
32,fluctuating,5,field,F64,NA,6,fecundity,NA
32,fluctuating,5,field,F66,NA,6,fecundity,NA
32,fluctuating,5,field,F67,NA,11,fecundity,NA
32,fluctuating,5,field,F70,NA,1,fecundity,NA
32,fluctuating,5,field,F72,NA,7,fecundity,NA
32,fluctuating,5,field,F73,NA,4,fecundity,NA
32,fluctuating,5,field,F74,NA,2,fecundity,NA
32,fluctuating,5,field,F78,NA,1,fecundity,NA
32,fluctuating,5,field,F79,NA,4,fecundity,NA
32,fluctuating,5,field,F81,NA,1,fecundity,NA
28,constant,0,lab,L1,NA,2,survival,1
28,constant,0,lab,L2,NA,26,survival,1
28,constant,0,lab,L3,NA,13,survival,1
28,constant,0,lab,L4,NA,11,survival,1
28,constant,0,lab,L5,NA,4,survival,1
28,constant,0,lab,L6,NA,2,survival,1
28,constant,0,lab,L7,NA,20,survival,1
28,constant,0,lab,L8,NA,20,survival,1
28,constant,0,lab,L9,NA,16,survival,1
28,constant,0,lab,L10,NA,2,survival,1
28,constant,0,lab,L11,NA,9,survival,1
28,constant,0,lab,L12,NA,15,survival,1
28,constant,0,lab,L13,NA,2,survival,1
28,constant,0,lab,L14,NA,13,survival,1
28,constant,0,lab,L15,NA,10,survival,1
28,constant,0,lab,L16,NA,15,survival,1
28,constant,0,lab,L17,NA,1,survival,1
28,constant,0,lab,L18,NA,15,survival,1
28,constant,0,lab,L19,NA,8,survival,1
28,constant,0,lab,L20,NA,1,survival,1
28,constant,0,lab,L21,NA,1,survival,1
28,constant,0,lab,L22,NA,15,survival,1
28,constant,0,lab,L23,NA,9,survival,1
28,constant,0,lab,L24,NA,6,survival,1
28,constant,0,lab,L25,NA,15,survival,1
28,constant,0,lab,L26,NA,12,survival,1
28,constant,0,lab,L27,NA,1,survival,1
28,constant,0,lab,L28,NA,7,survival,1
28,constant,0,lab,L29,NA,4,survival,1
28,constant,0,lab,L30,NA,1,survival,1
28,constant,0,lab,L31,NA,1,survival,1
28,constant,0,lab,L32,NA,8,survival,1
28,constant,0,lab,L33,NA,10,survival,1
28,constant,0,lab,L34,NA,24,survival,1
28,constant,0,lab,L35,NA,7,survival,1
28,constant,0,lab,L36,NA,12,survival,1
28,constant,0,lab,L37,NA,9,survival,1
28,constant,0,lab,L39,NA,4,survival,1
28,constant,0,lab,L40,NA,14,survival,1
28,constant,0,lab,L41,NA,15,survival,1
28,constant,0,lab,L42,NA,14,survival,1
28,constant,0,lab,L43,NA,24,survival,1
28,constant,0,lab,L44,NA,15,survival,1
28,constant,0,lab,L45,NA,29,survival,1
28,constant,0,lab,L46,NA,19,survival,1
28,constant,0,lab,L47,NA,24,survival,1
28,constant,0,lab,L48,NA,13,survival,1
28,constant,0,lab,L49,NA,4,survival,1
28,constant,0,lab,L50,NA,11,survival,1
28,constant,0,lab,L51,NA,7,survival,1
28,constant,0,lab,L52,NA,26,survival,1
28,constant,0,lab,L53,NA,14,survival,1
28,constant,0,lab,L54,NA,16,survival,1
28,constant,0,lab,L55,NA,22,survival,1
28,constant,0,lab,L56,NA,15,survival,1
28,constant,0,lab,L57,NA,26,survival,1
28,constant,0,field,F2,NA,28,survival,1
28,constant,0,field,F3,NA,26,survival,1
28,constant,0,field,F4,NA,20,survival,1
28,constant,0,field,F5,NA,31,survival,1
28,constant,0,field,F6,NA,31,survival,1
28,constant,0,field,F7,NA,29,survival,1
28,constant,0,field,F8,NA,26,survival,1
28,constant,0,field,F9,NA,16,survival,1
28,constant,0,field,F10,NA,15,survival,1
28,constant,0,field,F11,NA,20,survival,1
28,constant,0,field,F12,NA,20,survival,1
28,constant,0,field,F13,NA,30,survival,1
28,constant,0,field,F14,NA,22,survival,1
28,constant,0,field,F15,NA,19,survival,1
28,constant,0,field,F16,NA,23,survival,1
28,constant,0,field,F17,NA,24,survival,1
28,constant,0,field,F18,NA,28,survival,1
28,constant,0,field,F19,NA,17,survival,1
28,constant,0,field,F20,NA,20,survival,1
28,constant,0,field,F21,NA,22,survival,1
28,constant,0,field,F22,NA,26,survival,1
28,constant,0,field,F23,NA,20,survival,1
28,constant,0,field,F24,NA,20,survival,1
28,constant,0,field,F25,NA,29,survival,1
28,constant,0,field,F26,NA,25,survival,1
28,constant,0,field,F27,NA,23,survival,1
28,constant,0,field,F28,NA,25,survival,1
28,constant,0,field,F29,NA,28,survival,1
28,constant,0,field,F30,NA,10,survival,1
28,constant,0,field,F31,NA,22,survival,1
28,constant,0,field,F32,NA,26,survival,1
28,constant,0,field,F33,NA,17,survival,1
28,constant,0,field,F34,NA,24,survival,1
28,constant,0,field,F35,NA,29,survival,1
28,constant,0,field,F36,NA,16,survival,1
28,constant,0,field,F37,NA,29,survival,1
28,constant,0,field,F38,NA,27,survival,1
28,constant,0,field,F39,NA,18,survival,1
28,constant,0,field,F40,NA,19,survival,1
28,constant,0,field,F41,NA,16,survival,1
28,constant,0,field,F42,NA,20,survival,1
28,constant,0,field,F43,NA,15,survival,1
28,constant,0,field,F44,NA,30,survival,1
28,constant,0,field,F45,NA,21,survival,1
28,constant,0,field,F46,NA,26,survival,1
28,constant,0,field,F47,NA,24,survival,1
28,constant,0,field,F48,NA,8,survival,1
28,constant,0,field,F49,NA,22,survival,1
28,constant,0,field,F50,NA,27,survival,1
28,fluctuating,0,lab,L1,NA,15,survival,1
28,fluctuating,0,lab,L2,NA,10,survival,1
28,fluctuating,0,lab,L3,NA,26,survival,1
28,fluctuating,0,lab,L4,NA,14,survival,1
28,fluctuating,0,lab,L5,NA,14,survival,1
28,fluctuating,0,lab,L6,NA,16,survival,1
28,fluctuating,0,lab,L7,NA,15,survival,1
28,fluctuating,0,lab,L8,NA,2,survival,1
28,fluctuating,0,lab,L9,NA,15,survival,1
28,fluctuating,0,lab,L10,NA,5,survival,1
28,fluctuating,0,lab,L12,NA,22,survival,1
28,fluctuating,0,lab,L13,NA,10,survival,1
28,fluctuating,0,lab,L14,NA,21,survival,1
28,fluctuating,0,lab,L15,NA,21,survival,1
28,fluctuating,0,lab,L16,NA,20,survival,1
28,fluctuating,0,lab,L17,NA,21,survival,1
28,fluctuating,0,lab,L18,NA,5,survival,1
28,fluctuating,0,lab,L19,NA,17,survival,1
28,fluctuating,0,lab,L20,NA,19,survival,1
28,fluctuating,0,lab,L21,NA,12,survival,1
28,fluctuating,0,lab,L22,NA,15,survival,1
28,fluctuating,0,lab,L23,NA,12,survival,1
28,fluctuating,0,lab,L24,NA,21,survival,1
28,fluctuating,0,lab,L25,NA,14,survival,1
28,fluctuating,0,lab,L26,NA,21,survival,1
28,fluctuating,0,lab,L27,NA,15,survival,1
28,fluctuating,0,lab,L28,NA,20,survival,1
28,fluctuating,0,lab,L29,NA,19,survival,1
28,fluctuating,0,lab,L30,NA,19,survival,1
28,fluctuating,0,lab,L31,NA,21,survival,1
28,fluctuating,0,lab,L32,NA,15,survival,1
28,fluctuating,0,lab,L33,NA,19,survival,1
28,fluctuating,0,lab,L34,NA,23,survival,1
28,fluctuating,0,lab,L35,NA,20,survival,1
28,fluctuating,0,lab,L36,NA,19,survival,1
28,fluctuating,0,lab,L37,NA,12,survival,1
28,fluctuating,0,lab,L40,NA,5,survival,1
28,fluctuating,0,lab,L41,NA,21,survival,1
28,fluctuating,0,lab,L42,NA,15,survival,1
28,fluctuating,0,lab,L43,NA,24,survival,1
28,fluctuating,0,lab,L44,NA,15,survival,1
28,fluctuating,0,lab,L45,NA,24,survival,1
28,fluctuating,0,lab,L46,NA,22,survival,1
28,fluctuating,0,lab,L47,NA,4,survival,1
28,fluctuating,0,lab,L48,NA,3,survival,1
28,fluctuating,0,lab,L49,NA,19,survival,1
28,fluctuating,0,lab,L50,NA,18,survival,1
28,fluctuating,0,lab,L51,NA,21,survival,1
28,fluctuating,0,lab,L52,NA,24,survival,1
28,fluctuating,0,lab,L53,NA,16,survival,1
28,fluctuating,0,lab,L54,NA,24,survival,1
28,fluctuating,0,lab,L56,NA,20,survival,1
28,fluctuating,0,lab,L57,NA,20,survival,1
28,fluctuating,0,lab,L58,NA,16,survival,1
28,fluctuating,0,field,F1,NA,31,survival,1
28,fluctuating,0,field,F2,NA,25,survival,1
28,fluctuating,0,field,F3,NA,31,survival,1
28,fluctuating,0,field,F4,NA,28,survival,1
28,fluctuating,0,field,F6,NA,24,survival,1
28,fluctuating,0,field,F7,NA,22,survival,1
28,fluctuating,0,field,F8,NA,19,survival,1
28,fluctuating,0,field,F9,NA,30,survival,1
28,fluctuating,0,field,F10,NA,35,survival,1
28,fluctuating,0,field,F11,NA,22,survival,1
28,fluctuating,0,field,F12,NA,26,survival,1
28,fluctuating,0,field,F13,NA,21,survival,1
28,fluctuating,0,field,F14,NA,29,survival,1
28,fluctuating,0,field,F15,NA,20,survival,1
28,fluctuating,0,field,F16,NA,35,survival,1
28,fluctuating,0,field,F17,NA,29,survival,1
28,fluctuating,0,field,F18,NA,28,survival,1
28,fluctuating,0,field,F19,NA,4,survival,1
28,fluctuating,0,field,F20,NA,33,survival,1
28,fluctuating,0,field,F21,NA,33,survival,1
28,fluctuating,0,field,F22,NA,34,survival,1
28,fluctuating,0,field,F23,NA,33,survival,1
28,fluctuating,0,field,F24,NA,28,survival,1
28,fluctuating,0,field,F25,NA,22,survival,1
28,fluctuating,0,field,F26,NA,26,survival,1
28,fluctuating,0,field,F27,NA,17,survival,1
28,fluctuating,0,field,F28,NA,26,survival,1
28,fluctuating,0,field,F29,NA,26,survival,1
28,fluctuating,0,field,F30,NA,29,survival,1
28,fluctuating,0,field,F31,NA,18,survival,1
28,fluctuating,0,field,F32,NA,33,survival,1
28,fluctuating,0,field,F34,NA,19,survival,1
28,fluctuating,0,field,F35,NA,28,survival,1
28,fluctuating,0,field,F36,NA,21,survival,1
28,fluctuating,0,field,F37,NA,19,survival,1
28,fluctuating,0,field,F38,NA,24,survival,1
28,fluctuating,0,field,F39,NA,13,survival,1
28,fluctuating,0,field,F40,NA,27,survival,1
28,fluctuating,0,field,F41,NA,28,survival,1
28,fluctuating,0,field,F42,NA,33,survival,1
28,fluctuating,0,field,F44,NA,28,survival,1
28,fluctuating,0,field,F45,NA,27,survival,1
28,fluctuating,0,field,F46,NA,28,survival,1
28,fluctuating,0,field,F47,NA,28,survival,1
28,fluctuating,0,field,F48,NA,32,survival,1
28,fluctuating,0,field,F49,NA,21,survival,1
28,fluctuating,0,field,F50,NA,21,survival,1
28,fluctuating,0,field,F51,NA,10,survival,1
28,fluctuating,0,field,F25（1）,NA,22,survival,1
28,fluctuating,0,field,F45（1）,NA,21,survival,1
30,constant,0,lab,L1,NA,4,survival,1
30,constant,0,lab,L2,NA,8,survival,1
30,constant,0,lab,L3,NA,2,survival,1
30,constant,0,lab,L4,NA,4,survival,1
30,constant,0,lab,L5,NA,11,survival,1
30,constant,0,lab,L6,NA,13,survival,1
30,constant,0,lab,L7,NA,11,survival,1
30,constant,0,lab,L8,NA,14,survival,1
30,constant,0,lab,L9,NA,9,survival,1
30,constant,0,lab,L10,NA,15,survival,1
30,constant,0,lab,L11,NA,3,survival,1
30,constant,0,lab,L12,NA,2,survival,1
30,constant,0,lab,L13,NA,14,survival,1
30,constant,0,lab,L14,NA,5,survival,1
30,constant,0,lab,L15,NA,4,survival,1
30,constant,0,lab,L16,NA,7,survival,1
30,constant,0,lab,L17,NA,12,survival,1
30,constant,0,lab,L18,NA,20,survival,1
30,constant,0,lab,L19,NA,12,survival,1
30,constant,0,lab,L20,NA,19,survival,1
30,constant,0,lab,L21,NA,21,survival,1
30,constant,0,lab,L22,NA,19,survival,1
30,constant,0,lab,L23,NA,5,survival,1
30,constant,0,lab,L24,NA,15,survival,1
30,constant,0,lab,L25,NA,16,survival,1
30,constant,0,lab,L26,NA,16,survival,1
30,constant,0,lab,L27,NA,21,survival,1
30,constant,0,lab,L28,NA,12,survival,1
30,constant,0,lab,L29,NA,16,survival,1
30,constant,0,lab,L30,NA,12,survival,1
30,constant,0,lab,L31,NA,12,survival,1
30,constant,0,lab,L32,NA,22,survival,1
30,constant,0,lab,L33,NA,21,survival,1
30,constant,0,lab,L34,NA,19,survival,1
30,constant,0,lab,L35,NA,1,survival,1
30,constant,0,lab,L36,NA,15,survival,1
30,constant,0,lab,L37,NA,18,survival,1
30,constant,0,lab,L40,NA,15,survival,1
30,constant,0,lab,L41,NA,18,survival,1
30,constant,0,lab,L42,NA,21,survival,1
30,constant,0,lab,L43,NA,13,survival,1
30,constant,0,lab,L45,NA,14,survival,1
30,constant,0,lab,L46,NA,20,survival,1
30,constant,0,lab,L47,NA,15,survival,1
30,constant,0,lab,L48,NA,17,survival,1
30,constant,0,lab,L49,NA,20,survival,1
30,constant,0,lab,L51,NA,17,survival,1
30,constant,0,lab,L52,NA,19,survival,1
30,constant,0,lab,L53,NA,20,survival,1
30,constant,0,lab,L54,NA,19,survival,1
30,constant,0,lab,L55,NA,23,survival,1
30,constant,0,lab,L56,NA,13,survival,1
30,constant,0,lab,L57,NA,18,survival,1
30,constant,0,lab,L58,NA,5,survival,1
30,constant,0,lab,L59,NA,15,survival,1
30,constant,0,lab,L60,NA,15,survival,1
30,constant,0,lab,L61,NA,18,survival,1
30,constant,0,lab,L62,NA,4,survival,1
30,constant,0,lab,L63,NA,14,survival,1
30,constant,0,lab,L64,NA,15,survival,1
30,constant,0,lab,L65,NA,14,survival,1
30,constant,0,lab,L66,NA,14,survival,1
30,constant,0,lab,L67,NA,19,survival,1
30,constant,0,lab,L68,NA,18,survival,1
30,constant,0,lab,L72,NA,11,survival,1
30,constant,0,lab,L75,NA,15,survival,1
30,constant,0,lab,L76,NA,11,survival,1
30,constant,0,lab,L78,NA,11,survival,1
30,constant,0,field,F1,NA,8,survival,1
30,constant,0,field,F2,NA,16,survival,1
30,constant,0,field,F3,NA,17,survival,1
30,constant,0,field,F4,NA,7,survival,1
30,constant,0,field,F5,NA,17,survival,1
30,constant,0,field,F6,NA,26,survival,1
30,constant,0,field,F7,NA,21,survival,1
30,constant,0,field,F8,NA,14,survival,1
30,constant,0,field,F9,NA,12,survival,1
30,constant,0,field,F10,NA,24,survival,1
30,constant,0,field,F12,NA,25,survival,1
30,constant,0,field,F13,NA,14,survival,1
30,constant,0,field,F14,NA,22,survival,1
30,constant,0,field,F16,NA,24,survival,1
30,constant,0,field,F17,NA,24,survival,1
30,constant,0,field,F20,NA,11,survival,1
30,constant,0,field,F21,NA,25,survival,1
30,constant,0,field,F22,NA,24,survival,1
30,constant,0,field,F23,NA,20,survival,1
30,constant,0,field,F24,NA,15,survival,1
30,constant,0,field,F25,NA,17,survival,1
30,constant,0,field,F26,NA,23,survival,1
30,constant,0,field,F27,NA,14,survival,1
30,constant,0,field,F28,NA,19,survival,1
30,constant,0,field,F29,NA,23,survival,1
30,constant,0,field,F30,NA,17,survival,1
30,constant,0,field,F31,NA,20,survival,1
30,constant,0,field,F32,NA,21,survival,1
30,constant,0,field,F33,NA,23,survival,1
30,constant,0,field,F34,NA,13,survival,1
30,constant,0,field,F35,NA,23,survival,1
30,constant,0,field,F36,NA,18,survival,1
30,constant,0,field,F37,NA,11,survival,1
30,constant,0,field,F38,NA,24,survival,1
30,constant,0,field,F39,NA,16,survival,1
30,constant,0,field,F40,NA,17,survival,1
30,constant,0,field,F41,NA,18,survival,1
30,constant,0,field,F42,NA,18,survival,1
30,constant,0,field,F43,NA,21,survival,1
30,constant,0,field,F44,NA,15,survival,1
30,constant,0,field,F45,NA,18,survival,1
30,constant,0,field,F46,NA,20,survival,1
30,constant,0,field,F47,NA,18,survival,1
30,constant,0,field,F48,NA,19,survival,1
30,constant,0,field,F49,NA,24,survival,1
30,constant,0,field,F50,NA,23,survival,1
30,constant,0,field,F51,NA,24,survival,1
30,constant,0,field,F64,NA,11,survival,1
30,constant,0,field,F65,NA,20,survival,1
30,constant,0,field,F69,NA,11,survival,1
30,fluctuating,0,lab,L1,NA,21,survival,1
30,fluctuating,0,lab,L2,NA,11,survival,1
30,fluctuating,0,lab,L3,NA,4,survival,1
30,fluctuating,0,lab,L4,NA,10,survival,1
30,fluctuating,0,lab,L5,NA,13,survival,1
30,fluctuating,0,lab,L6,NA,12,survival,1
30,fluctuating,0,lab,L7,NA,9,survival,1
30,fluctuating,0,lab,L8,NA,6,survival,1
30,fluctuating,0,lab,L9,NA,9,survival,1
30,fluctuating,0,lab,L10,NA,13,survival,1
30,fluctuating,0,lab,L12,NA,13,survival,1
30,fluctuating,0,lab,L13,NA,11,survival,1
30,fluctuating,0,lab,L14,NA,11,survival,1
30,fluctuating,0,lab,L15,NA,23,survival,1
30,fluctuating,0,lab,L16,NA,21,survival,1
30,fluctuating,0,lab,L17,NA,19,survival,1
30,fluctuating,0,lab,L18,NA,20,survival,1
30,fluctuating,0,lab,L19,NA,2,survival,1
30,fluctuating,0,lab,L20,NA,18,survival,1
30,fluctuating,0,lab,L21,NA,4,survival,1
30,fluctuating,0,lab,L22,NA,19,survival,1
30,fluctuating,0,lab,L23,NA,14,survival,1
30,fluctuating,0,lab,L24,NA,6,survival,1
30,fluctuating,0,lab,L25,NA,16,survival,1
30,fluctuating,0,lab,L26,NA,18,survival,1
30,fluctuating,0,lab,L27,NA,13,survival,1
30,fluctuating,0,lab,L28,NA,16,survival,1
30,fluctuating,0,lab,L29,NA,20,survival,1
30,fluctuating,0,lab,L30,NA,23,survival,1
30,fluctuating,0,lab,L31,NA,7,survival,1
30,fluctuating,0,lab,L32,NA,19,survival,1
30,fluctuating,0,lab,L33,NA,15,survival,1
30,fluctuating,0,lab,L35,NA,21,survival,1
30,fluctuating,0,lab,L36,NA,19,survival,1
30,fluctuating,0,lab,L37,NA,20,survival,1
30,fluctuating,0,lab,L39,NA,13,survival,1
30,fluctuating,0,lab,L40,NA,18,survival,1
30,fluctuating,0,lab,L41,NA,19,survival,1
30,fluctuating,0,lab,L42,NA,15,survival,1
30,fluctuating,0,lab,L43,NA,18,survival,1
30,fluctuating,0,lab,L46,NA,17,survival,1
30,fluctuating,0,lab,L47,NA,13,survival,1
30,fluctuating,0,lab,L48,NA,13,survival,1
30,fluctuating,0,lab,L49,NA,10,survival,1
30,fluctuating,0,lab,L50,NA,4,survival,1
30,fluctuating,0,lab,L51,NA,19,survival,1
30,fluctuating,0,lab,L52,NA,15,survival,1
30,fluctuating,0,lab,L53,NA,11,survival,1
30,fluctuating,0,lab,L54,NA,5,survival,1
30,fluctuating,0,lab,L55,NA,17,survival,1
30,fluctuating,0,lab,L56,NA,19,survival,1
30,fluctuating,0,lab,L57,NA,10,survival,1
30,fluctuating,0,lab,L58,NA,15,survival,1
30,fluctuating,0,lab,L59,NA,14,survival,1
30,fluctuating,0,lab,L60,NA,20,survival,1
30,fluctuating,0,lab,L61,NA,15,survival,1
30,fluctuating,0,lab,L62,NA,19,survival,1
30,fluctuating,0,lab,L63,NA,17,survival,1
30,fluctuating,0,lab,L64,NA,18,survival,1
30,fluctuating,0,lab,L65,NA,13,survival,1
30,fluctuating,0,lab,L66,NA,11,survival,1
30,fluctuating,0,lab,L67,NA,10,survival,1
30,fluctuating,0,lab,L68,NA,17,survival,1
30,fluctuating,0,lab,L75,NA,10,survival,1
30,fluctuating,0,lab,L78,NA,10,survival,1
30,fluctuating,0,lab,L80,NA,20,survival,1
30,fluctuating,0,lab,L15（1）,NA,16,survival,1
30,fluctuating,0,lab,L16（1）,NA,24,survival,1
30,fluctuating,0,lab,L36（1）,NA,19,survival,1
30,fluctuating,0,lab,L51（1）,NA,18,survival,1
30,fluctuating,0,lab,L22（1）,NA,19,survival,1
30,fluctuating,0,lab,L23（1）,NA,15,survival,1
30,fluctuating,0,lab,L30（1）,NA,19,survival,1
30,fluctuating,0,field,F1,NA,16,survival,1
30,fluctuating,0,field,F2,NA,20,survival,1
30,fluctuating,0,field,F3,NA,18,survival,1
30,fluctuating,0,field,F4,NA,22,survival,1
30,fluctuating,0,field,F5,NA,22,survival,1
30,fluctuating,0,field,F6,NA,21,survival,1
30,fluctuating,0,field,F7,NA,21,survival,1
30,fluctuating,0,field,F8,NA,19,survival,1
30,fluctuating,0,field,F9,NA,20,survival,1
30,fluctuating,0,field,F10,NA,7,survival,1
30,fluctuating,0,field,F11,NA,8,survival,1
30,fluctuating,0,field,F12,NA,20,survival,1
30,fluctuating,0,field,F13,NA,23,survival,1
30,fluctuating,0,field,F14,NA,24,survival,1
30,fluctuating,0,field,F15,NA,27,survival,1
30,fluctuating,0,field,F16,NA,20,survival,1
30,fluctuating,0,field,F17,NA,17,survival,1
30,fluctuating,0,field,F18,NA,21,survival,1
30,fluctuating,0,field,F19,NA,23,survival,1
30,fluctuating,0,field,F20,NA,18,survival,1
30,fluctuating,0,field,F21,NA,23,survival,1
30,fluctuating,0,field,F22,NA,7,survival,1
30,fluctuating,0,field,F23,NA,19,survival,1
30,fluctuating,0,field,F24,NA,18,survival,1
30,fluctuating,0,field,F26,NA,25,survival,1
30,fluctuating,0,field,F27,NA,16,survival,1
30,fluctuating,0,field,F28,NA,19,survival,1
30,fluctuating,0,field,F29,NA,20,survival,1
30,fluctuating,0,field,F30,NA,17,survival,1
30,fluctuating,0,field,F31,NA,21,survival,1
30,fluctuating,0,field,F32,NA,19,survival,1
30,fluctuating,0,field,F33,NA,27,survival,1
30,fluctuating,0,field,F34,NA,24,survival,1
30,fluctuating,0,field,F35,NA,19,survival,1
30,fluctuating,0,field,F36,NA,17,survival,1
30,fluctuating,0,field,F37,NA,21,survival,1
30,fluctuating,0,field,F38,NA,21,survival,1
30,fluctuating,0,field,F39,NA,23,survival,1
30,fluctuating,0,field,F40,NA,26,survival,1
30,fluctuating,0,field,F41,NA,25,survival,1
30,fluctuating,0,field,F42,NA,13,survival,1
30,fluctuating,0,field,F43,NA,21,survival,1
30,fluctuating,0,field,F44,NA,20,survival,1
30,fluctuating,0,field,F45,NA,27,survival,1
30,fluctuating,0,field,F46,NA,24,survival,1
30,fluctuating,0,field,F47,NA,18,survival,1
30,fluctuating,0,field,F48,NA,16,survival,1
30,fluctuating,0,field,F49,NA,17,survival,1
30,fluctuating,0,field,F50,NA,19,survival,1
32,constant,0,lab,L1,NA,2,survival,1
32,constant,0,lab,L2,NA,2,survival,1
32,constant,0,lab,L3,NA,10,survival,1
32,constant,0,lab,L4,NA,10,survival,1
32,constant,0,lab,L5,NA,8,survival,1
32,constant,0,lab,L7,NA,13,survival,1
32,constant,0,lab,L8,NA,8,survival,1
32,constant,0,lab,L9,NA,2,survival,1
32,constant,0,lab,L10,NA,8,survival,1
32,constant,0,lab,L11,NA,9,survival,1
32,constant,0,lab,L12,NA,3,survival,1
32,constant,0,lab,L13,NA,11,survival,1
32,constant,0,lab,L15,NA,12,survival,1
32,constant,0,lab,L16,NA,9,survival,1
32,constant,0,lab,L17,NA,3,survival,1
32,constant,0,lab,L18,NA,9,survival,1
32,constant,0,lab,L19,NA,8,survival,1
32,constant,0,lab,L20,NA,7,survival,1
32,constant,0,lab,L21,NA,2,survival,1
32,constant,0,lab,L22,NA,12,survival,1
32,constant,0,lab,L23,NA,7,survival,1
32,constant,0,lab,L24,NA,9,survival,1
32,constant,0,lab,L25,NA,4,survival,1
32,constant,0,lab,L26,NA,17,survival,1
32,constant,0,lab,L27,NA,1,survival,1
32,constant,0,lab,L28,NA,5,survival,1
32,constant,0,lab,L29,NA,9,survival,1
32,constant,0,lab,L30,NA,5,survival,1
32,constant,0,lab,L31,NA,13,survival,1
32,constant,0,lab,L32,NA,13,survival,1
32,constant,0,lab,L33,NA,4,survival,1
32,constant,0,lab,L34,NA,17,survival,1
32,constant,0,lab,L35,NA,4,survival,1
32,constant,0,lab,L36,NA,3,survival,1
32,constant,0,lab,L37,NA,11,survival,1
32,constant,0,lab,L39,NA,8,survival,1
32,constant,0,lab,L40,NA,16,survival,1
32,constant,0,lab,L41,NA,13,survival,1
32,constant,0,lab,L42,NA,2,survival,1
32,constant,0,lab,L43,NA,10,survival,1
32,constant,0,lab,L44,NA,12,survival,1
32,constant,0,lab,L45,NA,15,survival,1
32,constant,0,lab,L46,NA,14,survival,1
32,constant,0,lab,L47,NA,16,survival,1
32,constant,0,lab,L48,NA,15,survival,1
32,constant,0,lab,L49,NA,10,survival,1
32,constant,0,lab,L50,NA,9,survival,1
32,constant,0,lab,L51,NA,14,survival,1
32,constant,0,lab,L52,NA,3,survival,1
32,constant,0,lab,L53,NA,12,survival,1
32,constant,0,lab,L54,NA,14,survival,1
32,constant,0,lab,L55,NA,14,survival,1
32,constant,0,lab,L56,NA,6,survival,1
32,constant,0,lab,L57,NA,11,survival,1
32,constant,0,lab,L58,NA,8,survival,1
32,constant,0,lab,L59,NA,13,survival,1
32,constant,0,lab,L60,NA,8,survival,1
32,constant,0,lab,L61,NA,1,survival,1
32,constant,0,lab,L62,NA,8,survival,1
32,constant,0,lab,L63,NA,4,survival,1
32,constant,0,lab,L64,NA,11,survival,1
32,constant,0,lab,L65,NA,11,survival,1
32,constant,0,lab,L66,NA,14,survival,1
32,constant,0,lab,L68,NA,15,survival,1
32,constant,0,lab,L69,NA,11,survival,1
32,constant,0,lab,L70,NA,15,survival,1
32,constant,0,lab,L71,NA,11,survival,1
32,constant,0,lab,L72,NA,14,survival,1
32,constant,0,lab,L73,NA,12,survival,1
32,constant,0,lab,L74,NA,9,survival,1
32,constant,0,lab,L76,NA,17,survival,1
32,constant,0,lab,L78,NA,17,survival,1
32,constant,0,lab,L79,NA,14,survival,1
32,constant,0,field,F1,NA,8,survival,1
32,constant,0,field,F2,NA,8,survival,1
32,constant,0,field,F3,NA,12,survival,1
32,constant,0,field,F4,NA,12,survival,1
32,constant,0,field,F5,NA,7,survival,1
32,constant,0,field,F7,NA,18,survival,1
32,constant,0,field,F8,NA,16,survival,1
32,constant,0,field,F9,NA,16,survival,1
32,constant,0,field,F10,NA,12,survival,1
32,constant,0,field,F11,NA,12,survival,1
32,constant,0,field,F12,NA,12,survival,1
32,constant,0,field,F13,NA,15,survival,1
32,constant,0,field,F14,NA,14,survival,1
32,constant,0,field,F15,NA,12,survival,1
32,constant,0,field,F16,NA,10,survival,1
32,constant,0,field,F17,NA,9,survival,1
32,constant,0,field,F18,NA,20,survival,1
32,constant,0,field,F19,NA,16,survival,1
32,constant,0,field,F20,NA,10,survival,1
32,constant,0,field,F21,NA,16,survival,1
32,constant,0,field,F22,NA,12,survival,1
32,constant,0,field,F23,NA,8,survival,1
32,constant,0,field,F24,NA,13,survival,1
32,constant,0,field,F25,NA,12,survival,1
32,constant,0,field,F26,NA,17,survival,1
32,constant,0,field,F27,NA,3,survival,1
32,constant,0,field,F28,NA,11,survival,1
32,constant,0,field,F29,NA,3,survival,1
32,constant,0,field,F30,NA,11,survival,1
32,constant,0,field,F32,NA,4,survival,1
32,constant,0,field,F33,NA,19,survival,1
32,constant,0,field,F34,NA,11,survival,1
32,constant,0,field,F35,NA,2,survival,1
32,constant,0,field,F37,NA,9,survival,1
32,constant,0,field,F38,NA,10,survival,1
32,constant,0,field,F39,NA,3,survival,1
32,constant,0,field,F40,NA,10,survival,1
32,constant,0,field,F41,NA,8,survival,1
32,constant,0,field,F42,NA,8,survival,1
32,constant,0,field,F43,NA,9,survival,1
32,constant,0,field,F45,NA,4,survival,1
32,constant,0,field,F46,NA,18,survival,1
32,constant,0,field,F47,NA,6,survival,1
32,constant,0,field,F48,NA,10,survival,1
32,constant,0,field,F49,NA,15,survival,1
32,constant,0,field,F50,NA,3,survival,1
32,constant,0,field,F51,NA,18,survival,1
32,constant,0,field,F52,NA,12,survival,1
32,constant,0,field,F54,NA,13,survival,1
32,constant,0,field,F55,NA,18,survival,1
32,constant,0,field,F56,NA,11,survival,1
32,constant,0,field,F57,NA,15,survival,1
32,constant,0,field,F58,NA,15,survival,1
32,constant,0,field,F59,NA,14,survival,1
32,constant,0,field,F60,NA,15,survival,1
32,constant,0,field,F61,NA,16,survival,1
32,constant,0,field,F62,NA,11,survival,1
32,constant,0,field,F63,NA,16,survival,1
32,constant,0,field,F64,NA,10,survival,1
32,constant,0,field,F65,NA,14,survival,1
32,constant,0,field,F66,NA,15,survival,1
32,constant,0,field,F67,NA,19,survival,1
32,constant,0,field,F68,NA,21,survival,1
32,constant,0,field,F69,NA,19,survival,1
32,constant,0,field,F71,NA,18,survival,1
32,constant,0,field,F72,NA,16,survival,1
32,constant,0,field,F73,NA,18,survival,1
32,constant,0,field,F74,NA,15,survival,1
32,constant,0,field,F75,NA,15,survival,1
32,constant,0,field,F76,NA,10,survival,1
32,constant,0,field,F77,NA,15,survival,1
32,constant,0,field,F78,NA,14,survival,1
32,constant,0,field,F79,NA,17,survival,1
32,constant,0,field,F80,NA,10,survival,1
32,constant,0,field,F81,NA,18,survival,1
32,fluctuating,0,lab,L1,NA,3,survival,1
32,fluctuating,0,lab,L2,NA,7,survival,1
32,fluctuating,0,lab,L3,NA,5,survival,1
32,fluctuating,0,lab,L4,NA,4,survival,1
32,fluctuating,0,lab,L5,NA,7,survival,1
32,fluctuating,0,lab,L6,NA,8,survival,1
32,fluctuating,0,lab,L8,NA,9,survival,1
32,fluctuating,0,lab,L9,NA,5,survival,1
32,fluctuating,0,lab,L10,NA,5,survival,1
32,fluctuating,0,lab,L11,NA,5,survival,1
32,fluctuating,0,lab,L12,NA,2,survival,1
32,fluctuating,0,lab,L13,NA,2,survival,1
32,fluctuating,0,lab,L14,NA,13,survival,1
32,fluctuating,0,lab,L15,NA,12,survival,1
32,fluctuating,0,lab,L16,NA,4,survival,1
32,fluctuating,0,lab,L17,NA,14,survival,1
32,fluctuating,0,lab,L18,NA,16,survival,1
32,fluctuating,0,lab,L19,NA,13,survival,1
32,fluctuating,0,lab,L20,NA,11,survival,1
32,fluctuating,0,lab,L22,NA,15,survival,1
32,fluctuating,0,lab,L23,NA,6,survival,1
32,fluctuating,0,lab,L24,NA,2,survival,1
32,fluctuating,0,lab,L25,NA,2,survival,1
32,fluctuating,0,lab,L26,NA,10,survival,1
32,fluctuating,0,lab,L27,NA,12,survival,1
32,fluctuating,0,lab,L28,NA,13,survival,1
32,fluctuating,0,lab,L29,NA,8,survival,1
32,fluctuating,0,lab,L30,NA,5,survival,1
32,fluctuating,0,lab,L31,NA,12,survival,1
32,fluctuating,0,lab,L32,NA,13,survival,1
32,fluctuating,0,lab,L33,NA,3,survival,1
32,fluctuating,0,lab,L34,NA,13,survival,1
32,fluctuating,0,lab,L35,NA,1,survival,1
32,fluctuating,0,lab,L36,NA,2,survival,1
32,fluctuating,0,lab,L37,NA,2,survival,1
32,fluctuating,0,lab,L39,NA,9,survival,1
32,fluctuating,0,lab,L40,NA,6,survival,1
32,fluctuating,0,lab,L41,NA,9,survival,1
32,fluctuating,0,lab,L42,NA,8,survival,1
32,fluctuating,0,lab,L43,NA,11,survival,1
32,fluctuating,0,lab,L44,NA,9,survival,1
32,fluctuating,0,lab,L46,NA,10,survival,1
32,fluctuating,0,lab,L47,NA,8,survival,1
32,fluctuating,0,lab,L49,NA,13,survival,1
32,fluctuating,0,lab,L50,NA,11,survival,1
32,fluctuating,0,lab,L51,NA,5,survival,1
32,fluctuating,0,lab,L52,NA,7,survival,1
32,fluctuating,0,lab,L53,NA,8,survival,1
32,fluctuating,0,lab,L54,NA,7,survival,1
32,fluctuating,0,lab,L56,NA,9,survival,1
32,fluctuating,0,lab,L57,NA,9,survival,1
32,fluctuating,0,lab,L58,NA,1,survival,1
32,fluctuating,0,lab,L59,NA,2,survival,1
32,fluctuating,0,lab,L60,NA,4,survival,1
32,fluctuating,0,lab,L61,NA,9,survival,1
32,fluctuating,0,lab,L62,NA,7,survival,1
32,fluctuating,0,lab,L63,NA,10,survival,1
32,fluctuating,0,lab,L64,NA,8,survival,1
32,fluctuating,0,lab,L65,NA,2,survival,1
32,fluctuating,0,lab,L66,NA,8,survival,1
32,fluctuating,0,lab,L67,NA,9,survival,1
32,fluctuating,0,lab,L68,NA,3,survival,1
32,fluctuating,0,lab,L69,NA,10,survival,1
32,fluctuating,0,lab,L70,NA,6,survival,1
32,fluctuating,0,lab,L72,NA,9,survival,1
32,fluctuating,0,lab,L73,NA,10,survival,1
32,fluctuating,0,lab,L74,NA,2,survival,1
32,fluctuating,0,lab,L75,NA,5,survival,1
32,fluctuating,0,lab,L76,NA,9,survival,1
32,fluctuating,0,lab,L77,NA,12,survival,1
32,fluctuating,0,lab,L78,NA,4,survival,1
32,fluctuating,0,lab,L79,NA,14,survival,1
32,fluctuating,0,lab,L80,NA,9,survival,1
32,fluctuating,0,field,F1,NA,5,survival,1
32,fluctuating,0,field,F2,NA,12,survival,1
32,fluctuating,0,field,F3,NA,6,survival,1
32,fluctuating,0,field,F4,NA,5,survival,1
32,fluctuating,0,field,F5,NA,15,survival,1
32,fluctuating,0,field,F6,NA,14,survival,1
32,fluctuating,0,field,F7,NA,6,survival,1
32,fluctuating,0,field,F8,NA,10,survival,1
32,fluctuating,0,field,F9,NA,8,survival,1
32,fluctuating,0,field,F10,NA,15,survival,1
32,fluctuating,0,field,F11,NA,11,survival,1
32,fluctuating,0,field,F12,NA,12,survival,1
32,fluctuating,0,field,F13,NA,12,survival,1
32,fluctuating,0,field,F14,NA,5,survival,1
32,fluctuating,0,field,F15,NA,12,survival,1
32,fluctuating,0,field,F17,NA,10,survival,1
32,fluctuating,0,field,F18,NA,5,survival,1
32,fluctuating,0,field,F19,NA,8,survival,1
32,fluctuating,0,field,F20,NA,15,survival,1
32,fluctuating,0,field,F21,NA,17,survival,1
32,fluctuating,0,field,F22,NA,18,survival,1
32,fluctuating,0,field,F23,NA,16,survival,1
32,fluctuating,0,field,F24,NA,9,survival,1
32,fluctuating,0,field,F25,NA,4,survival,1
32,fluctuating,0,field,F26,NA,15,survival,1
32,fluctuating,0,field,F27,NA,12,survival,1
32,fluctuating,0,field,F28,NA,8,survival,1
32,fluctuating,0,field,F29,NA,10,survival,1
32,fluctuating,0,field,F30,NA,14,survival,1
32,fluctuating,0,field,F31,NA,15,survival,1
32,fluctuating,0,field,F32,NA,15,survival,1
32,fluctuating,0,field,F33,NA,12,survival,1
32,fluctuating,0,field,F34,NA,16,survival,1
32,fluctuating,0,field,F35,NA,10,survival,1
32,fluctuating,0,field,F36,NA,14,survival,1
32,fluctuating,0,field,F37,NA,11,survival,1
32,fluctuating,0,field,F38,NA,17,survival,1
32,fluctuating,0,field,F39,NA,14,survival,1
32,fluctuating,0,field,F40,NA,19,survival,1
32,fluctuating,0,field,F41,NA,8,survival,1
32,fluctuating,0,field,F42,NA,17,survival,1
32,fluctuating,0,field,F43,NA,10,survival,1
32,fluctuating,0,field,F44,NA,15,survival,1
32,fluctuating,0,field,F45,NA,8,survival,1
32,fluctuating,0,field,F46,NA,18,survival,1
32,fluctuating,0,field,F47,NA,5,survival,1
32,fluctuating,0,field,F48,NA,5,survival,1
32,fluctuating,0,field,F49,NA,15,survival,1
32,fluctuating,0,field,F50,NA,11,survival,1
32,fluctuating,0,field,F51,NA,18,survival,1
32,fluctuating,0,field,F52,NA,16,survival,1
32,fluctuating,0,field,F53,NA,18,survival,1
32,fluctuating,0,field,F54,NA,11,survival,1
32,fluctuating,0,field,F55,NA,12,survival,1
32,fluctuating,0,field,F56,NA,15,survival,1
32,fluctuating,0,field,F57,NA,15,survival,1
32,fluctuating,0,field,F58,NA,5,survival,1
32,fluctuating,0,field,F59,NA,11,survival,1
32,fluctuating,0,field,F60,NA,1,survival,1
32,fluctuating,0,field,F61,NA,14,survival,1
32,fluctuating,0,field,F62,NA,18,survival,1
32,fluctuating,0,field,F63,NA,13,survival,1
32,fluctuating,0,field,F64,NA,12,survival,1
32,fluctuating,0,field,F65,NA,2,survival,1
32,fluctuating,0,field,F66,NA,17,survival,1
32,fluctuating,0,field,F67,NA,16,survival,1
32,fluctuating,0,field,F68,NA,16,survival,1
32,fluctuating,0,field,F69,NA,11,survival,1
32,fluctuating,0,field,F70,NA,13,survival,1
32,fluctuating,0,field,F72,NA,14,survival,1
32,fluctuating,0,field,F73,NA,13,survival,1
32,fluctuating,0,field,F74,NA,15,survival,1
32,fluctuating,0,field,F76,NA,9,survival,1
32,fluctuating,0,field,F77,NA,13,survival,1
32,fluctuating,0,field,F78,NA,17,survival,1
32,fluctuating,0,field,F79,NA,17,survival,1
32,fluctuating,0,field,F80,NA,9,survival,1
32,fluctuating,0,field,F81,NA,17,survival,1