"","Treatment","ID","H_C","CycleDays","ContinueNormalDay","ContinueHotday","LifeNormalDay","LifeHotday","NymphNormalDay","NymphHotDay","AdultNormalDay","AdultHotDay","RatioNormaltoHot","MeanT","DailyMin","DailyMax","TD320","TD330","Lower20C","Higher20C","X1st_instar","X2ed_instar","X3rd_instar","X4th_instar","NymphDur","Longevity","Fecundity","BirthDur","UID","Trt","Status"
"49",413,2,"C",4,1,3,4,11,2,5,2,6,0.333,25.4,21.5,29.3,77,38.5,123.2,203.5,1,2,1.5,2.5,7,8,19,6,"C.413.2","C.413",1
"50",413,3,"C",4,1,3,5,13,2.5,6,2.5,7,0.357,25.3,21.4,29.2,91,45.5,154,240.5,1,2.5,2,3,8.5,9.5,22,8,"C.413.3","C.413",1
"51",413,4,"C",4,1,3,4,12,2,6,2,6,0.333,25.5,21.5,29.4,84,42,123.2,222,1,2.5,2,2.5,8,8,12,6,"C.413.4","C.413",1
"52",413,5,"C",4,1,3,4,10,2,5.5,2,4.5,0.444,25.3,21.4,29.2,70,35,123.2,185,1,2.5,2,2,7.5,6.5,12,5,"C.413.5","C.413",1
"53",413,6,"C",4,1,3,4,9,2,4,2,5,0.4,25.2,21.3,29,63,31.5,123.2,166.5,0.5,1.5,2,2,6,7,15,6,"C.413.6","C.413",1
"54",413,7,"C",4,1,3,5,12,2,4,3,8,0.375,25.2,21.3,29.1,84,42,154,222,0.5,1.5,1.5,2.5,6,11,30,8,"C.413.7","C.413",1
"55",413,8,"C",4,1,3,4,11,2,5,2,6,0.333,25.4,21.5,29.3,77,38.5,123.2,203.5,1,1.5,1.5,3,7,8,16,8,"C.413.8","C.413",1
"56",413,11,"C",4,1,3,4,11,2,5,2,6,0.333,25.3,21.5,29.3,77,38.5,123.2,203.5,1,1.5,1.5,3,7,8,16,7,"C.413.11","C.413",1
"57",413,12,"C",4,1,3,4,12,2,5,2,7,0.286,25.5,21.5,29.4,84,42,123.2,222,1.5,2,2,1.5,7,9,28,9,"C.413.12","C.413",1
"58",413,13,"C",4,1,3,3,9,2,4,1,5,0.2,25.5,21.5,29.4,63,31.5,92.4,166.5,1,1.5,2,1.5,6,6,12,5,"C.413.13","C.413",1
"59",413,15,"C",4,1,3,4,10,2.5,6,1.5,4,0.375,25.4,21.4,29.2,70,35,123.2,185,1.5,3,1.5,2.5,8.5,5.5,10,4,"C.413.15","C.413",1
"60",413,17,"C",4,1,3,5,13,2,6,3,7,0.429,25.3,21.4,29.2,91,45.5,154,240.5,1.5,3,1.5,2,8,10,20,5,"C.413.17","C.413",1
"61",413,18,"C",4,1,3,4,11,2,4,2,7,0.286,25.4,21.5,29.3,77,38.5,123.2,203.5,1,1.5,2,1.5,6,9,22,7,"C.413.18","C.413",1
"62",413,19,"C",4,1,3,4,10,2,5,2,5,0.4,25.3,21.4,29.2,70,35,123.2,185,1.5,1.5,1.5,2.5,7,7,21,7,"C.413.19","C.413",1
"63",413,21,"C",4,1,3,8,21,3,6,5,15,0.333,25.3,21.4,29.2,147,73.5,246.4,388.5,1.5,1.5,3.5,2.5,9,20,19,15,"C.413.21","C.413",1
"64",413,22,"C",4,1,3,4,10,3,7,1,3,0.333,25.3,21.4,29.2,70,35,123.2,185,1.5,2.5,2.5,3.5,10,4,4,3,"C.413.22","C.413",1
"65",413,23,"C",4,1,3,4,12,2.5,6,1.5,6,0.25,25.5,21.5,29.4,84,42,123.2,222,2,2,2,2.5,8.5,7.5,12,6,"C.413.23","C.413",1
"66",413,24,"C",4,1,3,4,11,2,6,2,5,0.4,25.4,21.5,29.3,77,38.5,123.2,203.5,1,2,3,2,8,7,9,6,"C.413.24","C.413",1
"67",413,25,"C",4,1,3,4,10,2,6,2,4,0.5,25.3,21.4,29.2,70,35,123.2,185,1,2.5,2.5,2,8,6,11,5,"C.413.25","C.413",1
"68",413,26,"C",4,1,3,5,14,3,6.5,2,7.5,0.267,25.4,21.5,29.3,98,49,154,259,1.5,1.5,2,4.5,9.5,9.5,12,9,"C.413.26","C.413",1
"69",413,28,"C",4,1,3,4,11,2,6,2,5,0.4,25.4,21.5,29.3,77,38.5,123.2,203.5,1.5,2,2,2.5,8,7,13,5,"C.413.28","C.413",1
"70",413,30,"C",4,1,3,5,13,2,5,3,8,0.375,25.3,21.4,29.2,91,45.5,154,240.5,1.5,1.5,1.5,2.5,7,11,34,11,"C.413.30","C.413",1
"71",413,32,"C",4,1,3,4,12,2,5.5,2,6.5,0.308,25.5,21.5,29.4,84,42,123.2,222,1,1.5,2.5,2.5,7.5,8.5,20,7,"C.413.32","C.413",1
"72",413,34,"C",4,1,3,4,12,2,5,2,7,0.286,25.5,21.5,29.4,84,42,123.2,222,1,1,3,2,7,9,7,4,"C.413.34","C.413",1
"73",413,35,"C",4,1,3,4,12,2.5,6,1.5,6,0.25,25.5,21.5,29.4,84,42,123.2,222,2,2.5,1.5,2.5,8.5,7.5,19,6,"C.413.35","C.413",1
"74",413,36,"C",4,1,3,5,12,3,7,2,5,0.4,25.2,21.3,29.1,84,42,154,222,2,2.5,4,1.5,10,7,19,8,"C.413.36","C.413",1
"75",312,2,"C",3,1,2,4,8,3,4,1,4,0.25,25,21.2,28.9,56,28,123.2,148,1.5,2,1.5,2,7,5,11,5,"C.312.2","C.312",1
"76",312,4,"C",3,1,2,5,10,3,4.5,2,5.5,0.364,25,21.2,28.9,70,35,154,185,1.5,2,2,2,7.5,7.5,21,6,"C.312.4","C.312",1
"77",312,5,"C",3,1,2,5,8,2.5,4,2.5,4,0.625,24.8,20.9,28.6,56,28,154,148,1.5,1,2,2,6.5,6.5,22,7,"C.312.5","C.312",1
"78",312,7,"C",3,1,2,6,12,2.5,4,3.5,8,0.438,25,21.2,28.9,84,42,184.8,222,1,1.5,1.5,2.5,6.5,11.5,26,9,"C.312.7","C.312",1
"79",312,8,"C",3,1,2,5,9,3,4.5,2,4.5,0.444,24.9,21.1,28.8,63,31.5,154,166.5,1.5,2,1.5,2.5,7.5,6.5,12,6,"C.312.8","C.312",1
"80",312,9,"C",3,1,2,5,9,3,4.5,2,4.5,0.444,24.9,21.1,28.8,63,31.5,154,166.5,1.5,1.5,2.5,2,7.5,6.5,17,6,"C.312.9","C.312",1
"81",312,10,"C",3,1,2,8,15,3,4,5,11,0.455,25,21.1,28.8,105,52.5,246.4,277.5,1,2.5,1.5,2,7,16,40,15,"C.312.10","C.312",1
"82",312,12,"C",3,1,2,6,10,3,4.5,3,5.5,0.545,24.8,21,28.7,70,35,184.8,185,1,2,2,2.5,7.5,8.5,21,8,"C.312.12","C.312",1
"83",312,13,"C",3,1,2,6,12,2.5,4,3.5,8,0.438,25,21.2,28.9,84,42,184.8,222,1,2,1.5,2,6.5,11.5,36,12,"C.312.13","C.312",1
"84",312,14,"C",3,1,2,5,8,2.5,4,2.5,4,0.625,24.8,20.9,28.6,56,28,154,148,1,1.5,2,2,6.5,6.5,22,7,"C.312.14","C.312",1
"85",312,15,"C",3,1,2,7,14,2.5,4,4.5,10,0.45,25,21.2,28.9,98,49,215.6,259,1,1.5,2,2,6.5,14.5,35,14,"C.312.15","C.312",1
"86",312,16,"C",3,1,2,6,10,3,4,3,6,0.5,24.8,21,28.7,70,35,184.8,185,1,2,2,2,7,9,23,9,"C.312.16","C.312",1
"87",312,17,"C",3,1,2,5,8,3,4,2,4,0.5,24.8,20.9,28.6,56,28,154,148,1,2,2,2,7,6,12,6,"C.312.17","C.312",1
"88",312,18,"C",3,1,2,5,10,3,4.5,2,5.5,0.364,25,21.2,28.9,70,35,154,185,1,2,2,2.5,7.5,7.5,15,7,"C.312.18","C.312",1
"89",312,19,"C",3,1,2,7,13,3,4.5,4,8.5,0.471,25,21.1,28.8,91,45.5,215.6,240.5,1,2.5,1.5,2.5,7.5,12.5,38,13,"C.312.19","C.312",1
"90",312,20,"C",3,1,2,7,12,3,4.5,4,7.5,0.533,24.9,21,28.7,84,42,215.6,222,1,2,2,2.5,7.5,11.5,37,11,"C.312.20","C.312",1
"91",312,21,"C",3,1,2,5,8,3,4.5,2,3.5,0.571,24.8,20.9,28.6,56,28,154,148,1.5,1.5,2,2.5,7.5,5.5,21,4,"C.312.21","C.312",1
"92",312,22,"C",3,1,2,7,14,2.5,4,4.5,10,0.45,25,21.2,28.9,98,49,215.6,259,1.5,1,2,2,6.5,14.5,20,11,"C.312.22","C.312",1
"93",312,23,"C",3,1,2,6,11,3,5.5,3,5.5,0.545,24.9,21.1,28.8,77,38.5,184.8,203.5,1,2,2,3.5,8.5,8.5,30,10,"C.312.23","C.312",1
"94",312,25,"C",3,1,2,8,14,3.5,6,4.5,8,0.563,24.9,21,28.7,98,49,246.4,259,1,4,2,2.5,9.5,12.5,17,8,"C.312.25","C.312",1
"95",312,26,"C",3,1,2,4,6,3,4.5,1,1.5,0.667,24.7,20.9,28.5,42,21,123.2,111,1.5,1.5,2,2.5,7.5,2.5,4,3,"C.312.26","C.312",1
"96",312,27,"C",3,1,2,5,10,3,5.5,2,4.5,0.444,25,21.2,28.9,70,35,154,185,1.5,2.5,2,2.5,8.5,6.5,8,5,"C.312.27","C.312",1
"97",312,28,"C",3,1,2,6,12,3,5,3,7,0.429,25,21.2,28.9,84,42,184.8,222,1.5,2,2,2.5,8,10,23,10,"C.312.28","C.312",1
"98",312,29,"C",3,1,2,7,13,3,6,4,7,0.571,25,21.1,28.8,91,45.5,215.6,240.5,2,2.5,2.5,2,9,11,21,11,"C.312.29","C.312",1
"99",312,31,"C",3,1,2,5,8,3,5,2,3,0.667,24.8,20.9,28.6,56,28,154,148,2,2,2,2,8,5,11,4,"C.312.31","C.312",1
"100",312,33,"C",3,1,2,6,11,3.5,6,2.5,5,0.5,24.9,21.1,28.8,77,38.5,184.8,203.5,2,1.5,2.5,3.5,9.5,7.5,9,6,"C.312.33","C.312",1
"101",312,34,"C",3,1,2,4,6,3,4,1,2,0.5,24.7,20.9,28.5,42,21,123.2,111,1,1.5,1.5,3,7,3,6,3,"C.312.34","C.312",1
"102",312,35,"C",3,1,2,6,12,3,4,3,8,0.375,25,21.2,28.9,84,42,184.8,222,1,2,1.5,2.5,7,11,31,9,"C.312.35","C.312",1
"103",312,36,"C",3,1,2,4,7,3,5,1,2,0.5,24.9,21,28.7,49,24.5,123.2,129.5,2,2,2,2,8,3,2,2,"C.312.36","C.312",1
"104",211,2,"C",2,1,1,12,12,3.5,3,8.5,9,0.944,24.2,20.4,28,84,42,369.6,222,1.5,1.5,1.5,2,6.5,17.5,39,18,"C.211.2","C.211",1
"105",211,3,"C",2,1,1,9,9,4,3,5,6,0.833,24.2,20.4,28,63,31.5,277.2,166.5,1.5,1.5,2,2,7,11,24,11,"C.211.3","C.211",1
"106",211,4,"C",2,1,1,10,10,4,3.5,6,6.5,0.923,24.2,20.4,28,70,35,308,185,0.5,2,2.5,2.5,7.5,12.5,17,12,"C.211.4","C.211",1
"107",211,5,"C",2,1,1,15,15,4,3,11,12,0.917,24.2,20.4,28,105,52.5,462,277.5,1,2,1.5,2.5,7,23,58,23,"C.211.5","C.211",1
"108",211,6,"C",2,1,1,8,8,3.5,3,4.5,5,0.9,24.2,20.4,28,56,28,246.4,148,1,2,1.5,2,6.5,9.5,21,9,"C.211.6","C.211",1
"109",211,7,"C",2,1,1,10,10,3,3,7,7,1,24.2,20.4,28,70,35,308,185,1,1.5,1.5,2,6,14,42,12,"C.211.7","C.211",1
"110",211,9,"C",2,1,1,15,14,3.5,3,11.5,11,1.045,24.1,20.3,27.9,98,49,462,259,1,1.5,1.5,2.5,6.5,22.5,49,21,"C.211.9","C.211",1
"111",211,10,"C",2,1,1,10,10,4,3,6,7,0.857,24.2,20.4,28,70,35,308,185,1,2,2,2,7,13,33,12,"C.211.10","C.211",1
"112",211,11,"C",2,1,1,10,10,4,3,6,7,0.857,24.2,20.4,28,70,35,308,185,1,2,2,2,7,13,29,13,"C.211.11","C.211",1
"113",211,12,"C",2,1,1,8,8,4,3,4,5,0.8,24.2,20.4,28,56,28,246.4,148,1,2,2,2,7,9,33,9,"C.211.12","C.211",1
"114",211,13,"C",2,1,1,6,6,4,4,2,2,1,24.2,20.4,28,42,21,184.8,111,2,2,2,2,8,4,8,3,"C.211.13","C.211",1
"115",211,14,"C",2,1,1,12,12,4,4,8,8,1,24.2,20.4,28,84,42,369.6,222,1,2,2.5,2.5,8,16,21,12,"C.211.14","C.211",1
"116",211,16,"C",2,1,1,7,7,4,3,3,4,0.75,24.2,20.4,28,49,24.5,215.6,129.5,1,1.5,1.5,3,7,7,14,7,"C.211.16","C.211",1
"117",211,17,"C",2,1,1,7,6,4,4,3,2,1.5,24,20.2,27.8,42,21,215.6,111,1,2,2,3,8,5,11,6,"C.211.17","C.211",1
"118",211,18,"C",2,1,1,16,15,4,3,12,12,1,24.1,20.3,27.9,105,52.5,492.8,277.5,1,1.5,2,2.5,7,24,51,22,"C.211.18","C.211",1
"119",211,21,"C",2,1,1,11,10,3,3,8,7,1.143,24.1,20.3,27.8,70,35,338.8,185,1,1,1.5,2.5,6,15,56,15,"C.211.21","C.211",1
"120",211,23,"C",2,1,1,11,10,4,3.5,7,6.5,1.077,24.1,20.3,27.8,70,35,338.8,185,1,2,2,2.5,7.5,13.5,38,13,"C.211.23","C.211",1
"121",211,24,"C",2,1,1,4,4,3,3,1,1,1,24.2,20.4,28,28,14,123.2,74,1,1.5,1.5,2,6,2,6,1,"C.211.24","C.211",1
"122",211,25,"C",2,1,1,9,9,3.5,3,5.5,6,0.917,24.2,20.4,28,63,31.5,277.2,166.5,1,2,1.5,2,6.5,11.5,37,11,"C.211.25","C.211",1
"123",211,26,"C",2,1,1,10,9,3,3,7,6,1.167,24.1,20.3,27.8,63,31.5,308,166.5,1,1.5,1.5,2,6,13,37,11,"C.211.26","C.211",1
"124",211,30,"C",2,1,1,11,11,3.5,3,7.5,8,0.938,24.2,20.4,28,77,38.5,338.8,203.5,1,2,1.5,2,6.5,15.5,44,15,"C.211.30","C.211",1
"125",211,31,"C",2,1,1,8,7,3,3,5,4,1.25,24,20.3,27.8,49,24.5,246.4,129.5,1,1.5,1.5,2,6,9,31,9,"C.211.31","C.211",1
"126",211,32,"C",2,1,1,9,8,3,3,6,5,1.2,24.1,20.3,27.8,56,28,277.2,148,1,1.5,1.5,2,6,11,30,10,"C.211.32","C.211",1
"127",211,33,"C",2,1,1,7,7,3,3,4,4,1,24.2,20.4,28,49,24.5,215.6,129.5,0.5,2,1.5,2,6,8,13,6,"C.211.33","C.211",1
"128",211,34,"C",2,1,1,9,9,3,3,6,6,1,24.2,20.4,28,63,31.5,277.2,166.5,1,1.5,1.5,2,6,12,39,11,"C.211.34","C.211",1
"129",211,35,"C",2,1,1,9,8,4,3,5,5,1,24.1,20.3,27.8,56,28,277.2,148,1.5,1.5,2,2,7,10,27,11,"C.211.35","C.211",1
"130",211,36,"C",2,1,1,10,10,3,3,7,7,1,24.2,20.4,28,70,35,308,185,1,1.5,1.5,2,6,14,36,13,"C.211.36","C.211",1
"187",431,1,"C",4,3,1,26,8,6,2,20,6,3.333,22.8,19.2,26.5,56,28,800.8,148,1.5,2,2,2.5,8,26,53,25,"C.431.1","C.431",1
"188",431,2,"C",4,3,1,24,8,6,1,18,7,2.571,23,19.3,26.6,56,28,739.2,148,2,1,2,2,7,25,51,19,"C.431.2","C.431",1
"189",431,3,"C",4,3,1,15,4,6,1,9,3,3,22.8,19.1,26.4,28,14,462,74,1.5,1.5,2,2,7,12,25,11,"C.431.3","C.431",1
"190",431,4,"C",4,3,1,12,3,6,1,6,2,3,22.7,19.1,26.3,21,10.5,369.6,55.5,1.5,1.5,1.5,2.5,7,8,33,9,"C.431.4","C.431",1
"191",431,6,"C",4,3,1,12,3,6,2,6,1,6,22.7,19.1,26.3,21,10.5,369.6,55.5,1.5,1.5,2.5,2.5,8,7,7,5,"C.431.6","C.431",1
"192",431,7,"C",4,3,1,18,6,7,2,11,4,2.75,23,19.3,26.6,42,21,554.4,111,1.5,2,3,2.5,9,15,24,13,"C.431.7","C.431",1
"193",431,8,"C",4,3,1,16,5,6,1,10,4,2.5,22.9,19.2,26.5,35,17.5,492.8,92.5,1.5,1.5,1.5,2.5,7,14,36,13,"C.431.8","C.431",1
"194",431,9,"C",4,3,1,27,8,5,1,22,7,3.143,22.8,19.2,26.5,56,28,831.6,148,1,1.5,1.5,2,6,29,70,26,"C.431.9","C.431",1
"195",431,10,"C",4,3,1,19,6,6,1.5,13,4.5,2.889,22.9,19.2,26.5,42,21,585.2,111,2,1.5,2,2,7.5,17.5,50,17,"C.431.10","C.431",1
"196",431,11,"C",4,3,1,22,7,5.5,1,16.5,6,2.75,22.9,19.2,26.5,49,24.5,677.6,129.5,1.5,1.5,1.5,2,6.5,22.5,67,21,"C.431.11","C.431",1
"197",431,12,"C",4,3,1,13,4,6,2,7,2,3.5,22.9,19.2,26.5,28,14,400.4,74,1.5,1.5,3,2,8,9,14,8,"C.431.12","C.431",1
"198",431,13,"C",4,3,1,18,6,6,1,12,5,2.4,23,19.3,26.6,42,21,554.4,111,1,1.5,1.5,3,7,17,43,16,"C.431.13","C.431",1
"199",431,14,"C",4,3,1,12,4,5.5,1,6.5,3,2.167,23,19.3,26.6,28,14,369.6,74,1.5,1.5,1.5,2,6.5,9.5,32,9,"C.431.14","C.431",1
"200",431,15,"C",4,3,1,13,4,6,1.5,7,2.5,2.8,22.9,19.2,26.5,28,14,400.4,74,1.5,1.5,1.5,3,7.5,9.5,20,9,"C.431.15","C.431",1
"202",431,17,"C",4,3,1,26,8,6,1,20,7,2.857,22.9,19.2,26.5,56,28,800.8,148,1.5,1.5,2,2,7,27,54,25,"C.431.17","C.431",1
"203",431,18,"C",4,3,1,25,8,5.5,1,19.5,7,2.786,22.9,19.3,26.6,56,28,770,148,1.5,1.5,1.5,2,6.5,26.5,61,23,"C.431.18","C.431",1
"204",431,19,"C",4,3,1,21,7,5,1,16,6,2.667,23,19.3,26.6,49,24.5,646.8,129.5,1.5,1.5,1.5,1.5,6,22,51,21,"C.431.19","C.431",1
"205",431,20,"C",4,3,1,22,7,5,1,17,6,2.833,22.9,19.2,26.5,49,24.5,677.6,129.5,1.5,1.5,1.5,1.5,6,23,60,22,"C.431.20","C.431",1
"206",431,21,"C",4,3,1,21,7,5.5,1,15.5,6,2.583,23,19.3,26.6,49,24.5,646.8,129.5,1,1.5,1.5,2.5,6.5,21.5,61,22,"C.431.21","C.431",1
"207",431,23,"C",4,3,1,12,4,6,1.5,6,2.5,2.4,23,19.3,26.6,28,14,369.6,74,1.5,1.5,2,2.5,7.5,8.5,20,8,"C.431.23","C.431",1
"208",431,24,"C",4,3,1,18,6,6,1,12,5,2.4,23,19.3,26.6,42,21,554.4,111,1,2,2,2,7,17,39,15,"C.431.24","C.431",1
"209",431,26,"C",4,3,1,22,7,6,1.5,16,5.5,2.909,22.9,19.2,26.5,49,24.5,677.6,129.5,1,1.5,2.5,2.5,7.5,21.5,36,20,"C.431.26","C.431",1
"210",431,27,"C",4,3,1,10,3,5.5,1,4.5,2,2.25,22.9,19.2,26.5,21,10.5,308,55.5,1,1.5,1.5,2.5,6.5,6.5,18,6,"C.431.27","C.431",1
"211",431,29,"C",4,3,1,24,7,6,1.5,18,5.5,3.273,22.8,19.2,26.5,49,24.5,739.2,129.5,1.5,2,2,2,7.5,23.5,65,19,"C.431.29","C.431",1
"212",431,30,"C",4,3,1,19,6,6,1,13,5,2.6,22.9,19.2,26.5,42,21,585.2,111,1.5,1.5,2,2,7,18,44,16,"C.431.30","C.431",1
"213",431,31,"C",4,3,1,21,6,6,1.5,15,4.5,3.333,22.8,19.2,26.4,42,21,646.8,111,2,2,2,1.5,7.5,19.5,40,18,"C.431.31","C.431",1
"214",431,32,"C",4,3,1,15,5,5.5,1,9.5,4,2.375,23,19.3,26.6,35,17.5,462,92.5,1,1.5,1.5,2.5,6.5,13.5,45,13,"C.431.32","C.431",1
"215",431,33,"C",4,3,1,30,9,6,1.5,24,7.5,3.2,23,19.2,26.5,63,31.5,924,166.5,1,2,1.5,3,7.5,31.5,42,19,"C.431.33","C.431",1
"216",431,35,"C",4,3,1,12,4,6,1.5,6,2.5,2.4,23,19.3,26.6,28,14,369.6,74,1.5,1.5,2,2.5,7.5,8.5,21,9,"C.431.35","C.431",1
"217",431,36,"C",4,3,1,21,6,5.5,1,15.5,5,3.1,22.8,19.2,26.4,42,21,646.8,111,1.5,1.5,1.5,2,6.5,20.5,55,17,"C.431.36","C.431",1
"218",321,2,"C",3,2,1,10,4,5,2,5,2,2.5,23.1,19.4,26.8,28,14,308,74,1,2,2,2,7,7,22,8,"C.321.2","C.321",1
"219",321,3,"C",3,2,1,14,7,4,2,10,5,2,23.4,19.7,27.1,49,24.5,431.2,129.5,1,1.5,2,1.5,6,15,47,15,"C.321.3","C.321",1
"220",321,4,"C",3,2,1,12,5,4.5,2,7.5,3,2.5,23.2,19.5,26.8,35,17.5,369.6,92.5,1,1.5,2,2,6.5,10.5,33,10,"C.321.4","C.321",1
"221",321,5,"C",3,2,1,9,4,5,2,4,2,2,23.2,19.5,26.9,28,14,277.2,74,2,1.5,1.5,2,7,6,25,5,"C.321.5","C.321",1
"222",321,6,"C",3,2,1,16,8,5.5,2,10.5,6,1.75,23.4,19.7,27.1,56,28,492.8,148,0.5,2,2.5,2.5,7.5,16.5,38,15,"C.321.6","C.321",1
"223",321,7,"C",3,2,1,18,9,4.5,2,13.5,7,1.929,23.4,19.7,27.1,63,31.5,554.4,166.5,1,1.5,2,2,6.5,20.5,35,17,"C.321.7","C.321",1
"224",321,8,"C",3,2,1,18,9,4.5,2,13.5,7,1.929,23.4,19.7,27.1,63,31.5,554.4,166.5,1,1.5,2.5,1.5,6.5,20.5,55,20,"C.321.8","C.321",1
"225",321,9,"C",3,2,1,13,6,4,2,9,4,2.25,23.3,19.6,27,42,21,400.4,111,1,1.5,1.5,2,6,13,41,12,"C.321.9","C.321",1
"226",321,10,"C",3,2,1,14,7,4,1.5,10,5.5,1.818,23.4,19.7,27.1,49,24.5,431.2,129.5,0.5,1.5,2.5,1,5.5,15.5,31,13,"C.321.10","C.321",1
"227",321,12,"C",3,2,1,13,6,5.5,2,7.5,4,1.875,23.3,19.6,27,42,21,400.4,111,2,1.5,1.5,2.5,7.5,11.5,37,12,"C.321.12","C.321",1
"228",321,13,"C",3,2,1,7,3,5,2,2,1,2,23.2,19.5,26.9,21,10.5,215.6,55.5,1,1.5,2.5,2,7,3,3,3,"C.321.13","C.321",1
"229",321,14,"C",3,2,1,9,4,4.5,2,4.5,2,2.25,23.2,19.5,26.9,28,14,277.2,74,1,1.5,2,2,6.5,6.5,28,7,"C.321.14","C.321",1
"230",321,15,"C",3,2,1,6,3,5.5,2,0.5,1,0.5,23.4,19.7,27.1,21,10.5,184.8,55.5,1.5,1.5,2,2.5,7.5,1.5,1,1,"C.321.15","C.321",1
"231",321,16,"C",3,2,1,20,10,5.5,2,14.5,8,1.813,23.4,19.7,27.1,70,35,616,185,1.5,1.5,2.5,2,7.5,22.5,54,22,"C.321.16","C.321",1
"232",321,19,"C",3,2,1,12,6,5,2,7,4,1.75,23.4,19.7,27.1,42,21,369.6,111,1,1,3,2,7,11,23,11,"C.321.19","C.321",1
"233",321,20,"C",3,2,1,13,6,5.5,2,7.5,4,1.875,23.3,19.6,27,42,21,400.4,111,1,1.5,2.5,2.5,7.5,11.5,26,11,"C.321.20","C.321",1
"234",321,21,"C",3,2,1,8,3,5.5,2,2.5,1,2.5,23.1,19.4,26.7,21,10.5,246.4,55.5,2,1.5,1.5,2.5,7.5,3.5,5,3,"C.321.21","C.321",1
"235",321,22,"C",3,2,1,17,8,4,2,13,6,2.167,23.3,19.6,27,56,28,523.6,148,1,1,2,2,6,19,55,17,"C.321.22","C.321",1
"236",321,23,"C",3,2,1,18,9,6,2,12,7,1.714,23.4,19.7,27.1,63,31.5,554.4,166.5,2,2,2,2,8,19,45,17,"C.321.23","C.321",1
"237",321,24,"C",3,2,1,20,9,6,2,14,7,2,23.3,19.6,26.9,63,31.5,616,166.5,0.5,2,2.5,3,8,21,35,17,"C.321.24","C.321",1
"238",321,25,"C",3,2,1,20,10,5,2,15,8,1.875,23.4,19.7,27.1,70,35,616,185,1.5,1.5,2,2,7,23,52,22,"C.321.25","C.321",1
"239",321,26,"C",3,2,1,11,5,4.5,2,6.5,3,2.167,23.3,19.6,26.9,35,17.5,338.8,92.5,1,1.5,1.5,2.5,6.5,9.5,31,11,"C.321.26","C.321",1
"240",321,27,"C",3,2,1,13,6,4.5,2,8.5,4,2.125,23.3,19.6,27,42,21,400.4,111,1,1.5,2,2,6.5,12.5,33,12,"C.321.27","C.321",1
"241",321,28,"C",3,2,1,12,6,4,2,8,4,2,23.4,19.7,27.1,42,21,369.6,111,1.5,1,2,1.5,6,12,46,11,"C.321.28","C.321",1
"242",321,29,"C",3,2,1,13,6,5.5,2,7.5,4,1.875,23.3,19.6,27,42,21,400.4,111,1.5,2,1.5,2.5,7.5,11.5,33,11,"C.321.29","C.321",1
"243",321,30,"C",3,2,1,16,8,6,2,10,6,1.667,23.4,19.7,27.1,56,28,492.8,148,1.5,2.5,1.5,2.5,8,16,46,14,"C.321.30","C.321",1
"244",321,32,"C",3,2,1,18,8,5,2,13,6,2.167,23.2,19.5,26.9,56,28,554.4,148,1.5,1.5,2,2,7,19,59,19,"C.321.32","C.321",1
"245",321,33,"C",3,2,1,14,7,6,2,8,5,1.6,23.4,19.7,27.1,49,24.5,431.2,129.5,1,2,2.5,2.5,8,13,34,12,"C.321.33","C.321",1
"246",321,34,"C",3,2,1,18,9,6,2,12,7,1.714,23.4,19.7,27.1,63,31.5,554.4,166.5,2,1.5,2,2.5,8,19,42,18,"C.321.34","C.321",1
"247",321,35,"C",3,2,1,18,9,5,2,13,7,1.857,23.4,19.7,27.1,63,31.5,554.4,166.5,1.5,1.5,2,2,7,20,55,20,"C.321.35","C.321",1
"248",321,36,"C",3,2,1,13,6,5,2,8,4,2,23.3,19.6,27,42,21,400.4,111,1.5,1.5,2,2,7,12,36,12,"C.321.36","C.321",1
"250",633,2,"C",6,3,3,15,13,5,3,10,10,1,24,20.3,27.8,91,45.5,462,240.5,1.5,1.5,2.5,2.5,8,20,45,19,"C.633.2","C.633",1
"251",633,3,"C",6,3,3,7,6,3.5,3,3.5,3,1.167,24,20.2,27.8,42,21,215.6,111,1,2,1.5,2,6.5,6.5,14,6,"C.633.3","C.633",1
"252",633,4,"C",6,3,3,12,11,4,3,8,8,1,24.1,20.3,27.9,77,38.5,369.6,203.5,1,3,2,1,7,16,36,15,"C.633.4","C.633",1
"253",633,6,"C",6,3,3,9,7,4,3,5,4,1.25,23.9,20.1,27.6,49,24.5,277.2,129.5,1.5,1.5,2,2,7,9,22,8,"C.633.6","C.633",1
"254",633,7,"C",6,3,3,9,8,4,3,5,5,1,24.1,20.3,27.8,56,28,277.2,148,1.5,1.5,1.5,2.5,7,10,31,11,"C.633.7","C.633",1
"255",633,12,"C",6,3,3,12,11,6,3.5,6,7.5,0.8,24.1,20.3,27.9,77,38.5,369.6,203.5,2,2.5,3,2,9.5,13.5,19,11,"C.633.12","C.633",1
"256",633,13,"C",6,3,3,9,8,3.5,3,5.5,5,1.1,24.1,20.3,27.8,56,28,277.2,148,1.5,1.5,1.5,2,6.5,10.5,33,9,"C.633.13","C.633",1
"257",633,14,"C",6,3,3,7,6,4,3,3,3,1,24,20.2,27.8,42,21,215.6,111,1.5,1.5,1.5,2.5,7,6,22,6,"C.633.14","C.633",1
"258",633,15,"C",6,3,3,9,9,4.5,3,4.5,6,0.75,24.2,20.4,28,63,31.5,277.2,166.5,1,2,2,2.5,7.5,10.5,26,10,"C.633.15","C.633",1
"259",633,16,"C",6,3,3,15,13,3.5,3,11.5,10,1.15,24,20.3,27.8,91,45.5,462,240.5,1,1.5,1.5,2.5,6.5,21.5,20,21,"C.633.16","C.633",1
"260",633,17,"C",6,3,3,9,6,4,3,5,3,1.667,23.7,20,27.4,42,21,277.2,111,1.5,1.5,2.5,1.5,7,8,20,7,"C.633.17","C.633",1
"261",633,21,"C",6,3,3,11,9,4,3,7,6,1.167,24,20.2,27.7,63,31.5,338.8,166.5,1,2,1.5,2.5,7,13,37,13,"C.633.21","C.633",1
"262",633,22,"C",6,3,3,9,8,3,3,6,5,1.2,24.1,20.3,27.8,56,28,277.2,148,1,1,2,2,6,11,22,8,"C.633.22","C.633",1
"263",633,23,"C",6,3,3,8,6,4.5,3,3.5,3,1.167,23.8,20.1,27.6,42,21,246.4,111,1,2,2,2.5,7.5,6.5,16,6,"C.633.23","C.633",1
"264",633,24,"C",6,3,3,9,7,3.5,3,5.5,4,1.375,23.9,20.1,27.6,49,24.5,277.2,129.5,1.5,1.5,1.5,2,6.5,9.5,26,8,"C.633.24","C.633",1
"265",633,25,"C",6,3,3,12,9,5,3,7,6,1.167,23.8,20.1,27.6,63,31.5,369.6,166.5,2,2,2,2,8,13,25,12,"C.633.25","C.633",1
"266",633,28,"C",6,3,3,18,15,4.5,3,13.5,12,1.125,24,20.2,27.7,105,52.5,554.4,277.5,1.5,1.5,1.5,3,7.5,25.5,39,20,"C.633.28","C.633",1
"267",633,32,"C",6,3,3,11,9,4,3,7,6,1.167,24,20.2,27.7,63,31.5,338.8,166.5,1.5,1,2,2.5,7,13,31,13,"C.633.32","C.633",1
"268",633,33,"C",6,3,3,12,9,4,3,8,6,1.333,23.8,20.1,27.6,63,31.5,369.6,166.5,1.5,1.5,1.5,2.5,7,14,30,13,"C.633.33","C.633",1
"269",633,34,"C",6,3,3,9,9,3.5,3,5.5,6,0.917,24.1,20.4,28,63,31.5,277.2,166.5,1,2,1.5,2,6.5,11.5,35,9,"C.633.34","C.633",1
"270",633,35,"C",6,3,3,9,7,4,3,5,4,1.25,23.9,20.1,27.6,49,24.5,277.2,129.5,1.5,1.5,1.5,2.5,7,9,24,9,"C.633.35","C.633",1
"271",633,36,"C",6,3,3,10,9,3,3,7,6,1.167,24.1,20.3,27.8,63,31.5,308,166.5,1,1.5,1.5,2,6,13,37,12,"C.633.36","C.633",1
"272",422,2,"C",4,2,2,8,8,4,3,4,5,0.8,24.2,20.4,28,56,28,246.4,148,2,1,2,2,7,9,22,8,"C.422.2","C.422",1
"273",422,3,"C",4,2,2,6,5,4,3,2,2,1,24,20.2,27.7,35,17.5,184.8,92.5,1.5,1.5,2,2,7,4,14,3,"C.422.3","C.422",1
"274",422,5,"C",4,2,2,9,8,4,2,5,6,0.833,24.1,20.3,27.8,56,28,277.2,148,1,1.5,1.5,2,6,11,30,11,"C.422.5","C.422",1
"275",422,6,"C",4,2,2,8,7,4,3,4,4,1,24,20.3,27.8,49,24.5,246.4,129.5,1.5,1.5,1.5,2.5,7,8,26,7,"C.422.6","C.422",1
"276",422,8,"C",4,2,2,8,6.5,4,3,4,3.5,1.143,23.8,20.3,27.8,49,24.5,246.4,129.5,1,2.5,1.5,2,7,7.5,28,8,"C.422.8","C.422",1
"277",422,9,"C",4,2,2,18,18,4,3,14,15,0.933,24.2,20.4,28,126,63,554.4,333,1.5,1.5,1.5,2.5,7,29,53,23,"C.422.9","C.422",1
"278",422,10,"C",4,2,2,14,14,4,3,10,11,0.909,24.2,20.4,28,98,49,431.2,259,1,1.5,2.5,2,7,21,44,20,"C.422.10","C.422",1
"279",422,12,"C",4,2,2,12,11,4,3.5,8,7.5,1.067,24.1,20.3,27.9,77,38.5,369.6,203.5,2,1.5,2,2,7.5,15.5,34,15,"C.422.12","C.422",1
"280",422,14,"C",4,2,2,10,9,4,2,6,7,0.857,24.1,20.3,27.8,63,31.5,308,166.5,1.5,1.5,1.5,1.5,6,13,24,12,"C.422.14","C.422",1
"281",422,16,"C",4,2,2,16,16,4,3,12,13,0.923,24.2,20.4,28,112,56,492.8,296,1.5,1.5,2,2,7,25,50,24,"C.422.16","C.422",1
"282",422,17,"C",4,2,2,12,10,4,3,8,7,1.143,24,20.2,27.7,70,35,369.6,185,1.5,1.5,2,2,7,15,41,14,"C.422.17","C.422",1
"283",422,20,"C",4,2,2,10,9,4,3,6,6,1,24.1,20.3,27.8,63,31.5,308,166.5,1.5,1.5,2,2,7,12,35,11,"C.422.20","C.422",1
"284",422,21,"C",4,2,2,14,12,4.5,4,9.5,8,1.188,24,20.2,27.8,84,42,431.2,222,1.5,2,2.5,2.5,8.5,17.5,32,17,"C.422.21","C.422",1
"285",422,22,"C",4,2,2,14,12,4.5,4,9.5,8,1.188,24,20.2,27.8,84,42,431.2,222,1.5,2,2.5,2.5,8.5,17.5,22,16,"C.422.22","C.422",1
"286",422,24,"C",4,2,2,11,10,4,3,7,7,1,24.1,20.3,27.8,70,35,338.8,185,1.5,1.5,2,2,7,14,39,12,"C.422.24","C.422",1
"287",422,25,"C",4,2,2,12,11,4,2,8,9,0.889,24.1,20.3,27.9,77,38.5,369.6,203.5,1,1.5,2,1.5,6,17,39,16,"C.422.25","C.422",1
"288",422,26,"C",4,2,2,6,6,4,4,2,2,1,24.2,20.4,28,42,21,184.8,111,1.5,2,2.5,2,8,4,6,3,"C.422.26","C.422",1
"289",422,27,"C",4,2,2,8,7,4,3,4,4,1,24,20.3,27.8,49,24.5,246.4,129.5,1.5,1.5,2.5,1.5,7,8,16,7,"C.422.27","C.422",1
"290",422,28,"C",4,2,2,10,9,4,2,6,7,0.857,24.1,20.3,27.8,63,31.5,308,166.5,1,1.5,1.5,2,6,13,38,12,"C.422.28","C.422",1
"291",422,29,"C",4,2,2,8,7,4,4,4,3,1.333,24,20.3,27.8,49,24.5,246.4,129.5,2,1.5,2.5,2,8,7,9,5,"C.422.29","C.422",1
"292",422,30,"C",4,2,2,7,6,5,4,2,2,1,24,20.2,27.8,42,21,215.6,111,1.5,2.5,2,3,9,4,7,3,"C.422.30","C.422",1
"293",422,31,"C",4,2,2,8,8,4,2,4,6,0.667,24.2,20.4,28,56,28,246.4,148,1,1.5,1.5,2,6,10,24,10,"C.422.31","C.422",1
"294",422,34,"C",4,2,2,8,8,4,2.5,4,5.5,0.727,24.2,20.4,28,56,28,246.4,148,1.5,1.5,1.5,2,6.5,9.5,37,9,"C.422.34","C.422",1
"295",422,35,"C",4,2,2,10,9,4.5,4,5.5,5,1.1,24.1,20.3,27.8,63,31.5,308,166.5,1.5,3,2.5,1.5,8.5,10.5,19,11,"C.422.35","C.422",1
"348",523,1,"C",5,2,3,10,14,4,3,6,11,0.545,24.6,20.8,28.4,98,49,308,259,1.5,1.5,2,2,7,17,45,16,"C.523.1","C.523",1
"349",523,2,"C",5,2,3,10,12,4,3,6,9,0.667,24.4,20.6,28.2,84,42,308,222,2,1.5,1.5,2,7,15,41,15,"C.523.2","C.523",1
"350",523,4,"C",5,2,3,7,9,4,3,3,6,0.5,24.5,20.7,28.3,63,31.5,215.6,166.5,1,2,1.5,2.5,7,9,28,8,"C.523.4","C.523",1
"351",523,5,"C",5,2,3,4,6,4,3,0,3,0,24.7,20.9,28.5,42,21,123.2,111,1,1.5,2.5,2,7,3,2,1,"C.523.5","C.523",1
"352",523,6,"C",5,2,3,10,12,4,3,6,9,0.667,24.4,20.6,28.2,84,42,308,222,1.5,1.5,2,2,7,15,47,16,"C.523.6","C.523",1
"353",523,7,"C",5,2,3,6,8,4,3,2,5,0.4,24.6,20.7,28.4,56,28,184.8,148,1.5,1.5,1.5,2.5,7,7,18,7,"C.523.7","C.523",1
"354",523,9,"C",5,2,3,6,9,4,4,2,5,0.4,24.7,20.9,28.5,63,31.5,184.8,166.5,2,2,2.5,1.5,8,7,22,6,"C.523.9","C.523",1
"355",523,10,"C",5,2,3,10,12,3.5,3,6.5,9,0.722,24.4,20.6,28.2,84,42,308,222,1.5,1.5,1.5,2,6.5,15.5,32,15,"C.523.10","C.523",1
"356",523,11,"C",5,2,3,8,10,4,4,4,6,0.667,24.5,20.7,28.3,70,35,246.4,185,1,2,2.5,2.5,8,10,15,7,"C.523.11","C.523",1
"357",523,12,"C",5,2,3,9,12,3.5,3,5.5,9,0.611,24.6,20.7,28.4,84,42,277.2,222,1.5,1.5,1,2.5,6.5,14.5,35,14,"C.523.12","C.523",1
"358",523,13,"C",5,2,3,8,10,4,3,4,7,0.571,24.5,20.7,28.3,70,35,246.4,185,1,2,2,2,7,11,17,11,"C.523.13","C.523",1
"359",523,14,"C",5,2,3,4,6,3.5,3,0.5,3,0.167,24.7,20.9,28.5,42,21,123.2,111,0.5,2,1.5,2.5,6.5,3.5,8,3,"C.523.14","C.523",1
"360",523,15,"C",5,2,3,7,9,4,4,3,5,0.6,24.5,20.7,28.3,63,31.5,215.6,166.5,2,1.5,2,2.5,8,8,26,8,"C.523.15","C.523",1
"361",523,16,"C",5,2,3,8,12,3.5,3,4.5,9,0.5,24.7,20.9,28.5,84,42,246.4,222,1.5,1,1.5,2.5,6.5,13.5,30,13,"C.523.16","C.523",1
"362",523,17,"C",5,2,3,8,10,3.5,3,4.5,7,0.643,24.5,20.7,28.3,70,35,246.4,185,1.5,1.5,1.5,2,6.5,11.5,34,12,"C.523.17","C.523",1
"363",523,18,"C",5,2,3,10,13,3.5,3,6.5,10,0.65,24.5,20.7,28.3,91,45.5,308,240.5,1.5,1,1.5,2.5,6.5,16.5,52,16,"C.523.18","C.523",1
"364",523,19,"C",5,2,3,8,11,4,4,4,7,0.571,24.6,20.8,28.4,77,38.5,246.4,203.5,1.5,1.5,2.5,2.5,8,11,19,10,"C.523.19","C.523",1
"365",523,20,"C",5,2,3,14,18.5,2.5,3,11.5,15.5,0.742,24.6,20.8,28.4,133,66.5,431.2,351.5,1,1,1.5,2,5.5,27,69,22,"C.523.20","C.523",1
"366",523,23,"C",5,2,3,8,9,3,3,5,6,0.833,24.4,20.5,28.1,63,31.5,246.4,166.5,1,1.5,1.5,2,6,11,41,10,"C.523.23","C.523",1
"367",523,25,"C",5,2,3,6,9,4,4,2,5,0.4,24.7,20.9,28.5,63,31.5,184.8,166.5,2,2,2.5,1.5,8,7,14,6,"C.523.25","C.523",1
"368",523,26,"C",5,2,3,11,15,3.5,3,7.5,12,0.625,24.6,20.8,28.4,105,52.5,338.8,277.5,1,1.5,1.5,2.5,6.5,19.5,43,20,"C.523.26","C.523",1
"369",523,27,"C",5,2,3,8,11,4,4,4,7,0.571,24.6,20.8,28.4,77,38.5,246.4,203.5,2,2,2,2,8,11,32,10,"C.523.27","C.523",1
"370",523,28,"C",5,2,3,8,12,4,4,4,8,0.5,24.7,20.9,28.5,84,42,246.4,222,1.5,2,2,2.5,8,12,22,10,"C.523.28","C.523",1
"371",523,29,"C",5,2,3,12,18,3.5,3,8.5,15,0.567,24.7,20.9,28.5,126,63,369.6,333,1,1.5,1.5,2.5,6.5,23.5,56,21,"C.523.29","C.523",1
"372",523,30,"C",5,2,3,10,13,4,3,6,10,0.6,24.5,20.7,28.3,91,45.5,308,240.5,1.5,1.5,2,2,7,16,32,14,"C.523.30","C.523",1
"373",523,31,"C",5,2,3,10,15,4,3,6,12,0.5,24.7,20.9,28.5,105,52.5,308,277.5,1.5,1.5,2,2,7,18,48,16,"C.523.31","C.523",1
"374",523,35,"C",5,2,3,14,18,4,3.5,10,14.5,0.69,24.5,20.7,28.3,126,63,431.2,333,1,2,2,2.5,7.5,24.5,49,22,"C.523.35","C.523",1
"375",523,36,"C",5,2,3,8,10,4,3,4,7,0.571,24.5,20.7,28.3,70,35,246.4,185,1,1.5,2,2.5,7,11,19,10,"C.523.36","C.523",1
"376",532,1,"C",5,3,2,9,6,4,3,5,3,1.667,23.7,20,27.4,42,21,277.2,111,1.5,1.5,2,2,7,8,32,7,"C.532.1","C.532",1
"377",532,2,"C",5,3,2,9,6,4,3,5,3,1.667,23.7,20,27.4,42,21,277.2,111,1.5,1.5,1.5,2.5,7,8,29,7,"C.532.2","C.532",1
"378",532,4,"C",5,3,2,9,6,4.5,2,4.5,4,1.125,23.7,20,27.4,42,21,277.2,111,1.5,1.5,1.5,2,6.5,8.5,34,8,"C.532.4","C.532",1
"379",532,5,"C",5,3,2,8,4,4,2,4,2,2,23.4,19.7,27.1,28,14,246.4,74,1,1.5,1.5,2,6,6,35,6,"C.532.5","C.532",1
"380",532,7,"C",5,3,2,7,4,5,2,2,2,1,23.5,19.8,27.2,28,14,215.6,74,1.5,1.5,1.5,2.5,7,4,14,3,"C.532.7","C.532",1
"381",532,8,"C",5,3,2,15,10,4.5,2,10.5,8,1.313,23.7,20,27.4,70,35,462,185,1.5,1,1.5,2.5,6.5,18.5,43,17,"C.532.8","C.532",1
"382",532,9,"C",5,3,2,9,6,5,2,4,4,1,23.7,20,27.4,42,21,277.2,111,1.5,1.5,1.5,2.5,7,8,18,7,"C.532.9","C.532",1
"383",532,11,"C",5,3,2,19,12,4.5,2,14.5,10,1.45,23.6,19.9,27.4,84,42,585.2,222,1,1.5,1.5,2.5,6.5,24.5,57,24,"C.532.11","C.532",1
"384",532,12,"C",5,3,2,6,3,4.5,2,1.5,1,1.5,23.4,19.7,27.1,21,10.5,184.8,55.5,1,1.5,1.5,2.5,6.5,2.5,7,2,"C.532.12","C.532",1
"385",532,13,"C",5,3,2,6,4,6,2,0,2,0,23.4,20,27.4,28,14,184.8,74,1.5,1.5,2,3,8,2,3,1,"C.532.13","C.532",1
"386",532,14,"C",5,3,2,14,8,4,2,10,6,1.667,23.5,19.8,27.2,56,28,431.2,148,1.5,1,1.5,2,6,16,50,15,"C.532.14","C.532",1
"387",532,15,"C",5,3,2,21,13,5.5,2,15.5,11,1.409,23.6,19.9,27.3,91,45.5,646.8,240.5,1.5,1.5,1.5,3,7.5,26.5,38,15,"C.532.15","C.532",1
"388",532,16,"C",5,3,2,8,4,4,2,4,2,2,23.4,19.7,27.1,28,14,246.4,74,1,1.5,1,2.5,6,6,20,6,"C.532.16","C.532",1
"389",532,17,"C",5,3,2,9,5,4,2,5,3,1.667,23.5,19.8,27.2,35,17.5,277.2,92.5,1,1,2,2,6,8,23,8,"C.532.17","C.532",1
"390",532,18,"C",5,3,2,12,6,3.5,2,8.5,4,2.125,23.4,19.7,27.1,42,21,369.6,111,0.5,1.5,2,1.5,5.5,12.5,26,11,"C.532.18","C.532",1
"391",532,20,"C",5,3,2,10,6,5,2,5,4,1.25,23.6,19.8,27.3,42,21,308,111,1,1.5,1.5,3,7,9,27,9,"C.532.20","C.532",1
"392",532,21,"C",5,3,2,20,12,6,2,14,10,1.4,23.6,19.8,27.3,84,42,616,222,1.5,2,2,2.5,8,24,53,23,"C.532.21","C.532",1
"393",532,22,"C",5,3,2,9,6,5.5,2,3.5,4,0.875,23.7,20,27.4,42,21,277.2,111,1.5,2,1.5,2.5,7.5,7.5,17,8,"C.532.22","C.532",1
"394",532,23,"C",5,3,2,9,6,5,2,4,4,1,23.7,20,27.4,42,21,277.2,111,1,1.5,2,2.5,7,8,18,8,"C.532.23","C.532",1
"395",532,24,"C",5,3,2,15,8,4.5,2,10.5,6,1.75,23.4,19.7,27.1,56,28,462,148,1.5,1.5,1,2.5,6.5,16.5,36,16,"C.532.24","C.532",1
"396",532,25,"C",5,3,2,8,4,4.5,2,3.5,2,1.75,23.4,19.7,27.1,28,14,246.4,74,1,1.5,1.5,2.5,6.5,5.5,6,5,"C.532.25","C.532",1
"397",532,26,"C",5,3,2,12,6,4.5,2,7.5,4,1.875,23.4,19.7,27.1,42,21,369.6,111,1,1.5,1.5,2.5,6.5,11.5,39,12,"C.532.26","C.532",1
"398",532,27,"C",5,3,2,15,8,5.5,2,9.5,6,1.583,23.4,19.7,27.1,56,28,462,148,1.5,1.5,2,2.5,7.5,15.5,27,15,"C.532.27","C.532",1
"399",532,28,"C",5,3,2,18,12,5.5,2,12.5,10,1.25,23.7,20,27.4,84,42,554.4,222,1,2,1.5,3,7.5,22.5,41,20,"C.532.28","C.532",1
"400",532,29,"C",5,3,2,9,5,5,2,4,3,1.333,23.5,19.8,27.2,35,17.5,277.2,92.5,1,2,1.5,2.5,7,7,22,6,"C.532.29","C.532",1
"401",532,30,"C",5,3,2,19,12,4.5,2,14.5,10,1.45,23.6,19.9,27.4,84,42,585.2,222,1,1.5,1.5,2.5,6.5,24.5,61,23,"C.532.30","C.532",1
"402",532,32,"C",5,3,2,14,8,4,2,10,6,1.667,23.5,19.8,27.2,56,28,431.2,148,1,1.5,1.5,2,6,16,48,14,"C.532.32","C.532",1
"403",532,33,"C",5,3,2,15,8,4.5,2,10.5,6,1.75,23.4,19.7,27.1,56,28,462,148,1,1.5,1.5,2.5,6.5,16.5,52,17,"C.532.33","C.532",1
"404",532,34,"C",5,3,2,9,6,5,2,4,4,1,23.7,20,27.4,42,21,277.2,111,1,2,1.5,2.5,7,8,20,8,"C.532.34","C.532",1
"405",532,35,"C",5,3,2,12,8,5,2,7,6,1.167,23.7,20,27.4,56,28,369.6,148,1,2,1,3,7,13,43,13,"C.532.35","C.532",1
"406",532,36,"C",5,3,2,15,9,4,2,11,7,1.571,23.6,19.8,27.3,63,31.5,462,166.5,1,1.5,2,1.5,6,18,48,19,"C.532.36","C.532",1
"443",413,1,"H",4,1,3,6,19,1,6,5,13,0.38,25.5,21.6,29.4,133,66.5,184.8,351.5,1.5,1.5,2,2,7,18,54,17,"H.413.1","H.413",1
"444",413,2,"H",4,1,3,4,12,1,4.5,3,7.5,0.4,25.5,21.5,29.4,84,42,123.2,222,0.5,1,2,2,5.5,10.5,32,10,"H.413.2","H.413",1
"445",413,4,"H",4,1,3,4,13,2,6,2,7,0.29,25.5,21.6,29.4,91,45.5,123.2,240.5,1.5,2.5,2,2,8,9,13,9,"H.413.4","H.413",1
"446",413,6,"H",4,1,3,3,11,1,5,2,6,0.33,25.6,21.7,29.6,77,38.5,92.4,203.5,1.5,1.5,1.5,2,6,8,28,8,"H.413.6","H.413",1
"447",413,8,"H",4,1,3,4,12,1.5,6,2.5,6,0.42,25.5,21.5,29.4,84,42,123.2,222,1,1.5,2,3,7.5,8.5,12,7,"H.413.8","H.413",1
"448",413,9,"H",4,1,3,7,22,1,6,6,16,0.38,25.5,21.6,29.4,154,77,215.6,407,1.5,2,1.5,2,7,22,38,19,"H.413.9","H.413",1
"449",413,10,"H",4,1,3,7,22,1,6,6,16,0.38,25.5,21.6,29.4,154,77,215.6,407,1.5,2,1.5,2,7,22,43,21,"H.413.10","H.413",1
"450",413,11,"H",4,1,3,3,10,1,5.5,2,4.5,0.44,25.5,21.6,29.5,70,35,92.4,185,1,1.5,1.5,2.5,6.5,6.5,10,5,"H.413.11","H.413",1
"451",413,12,"H",4,1,3,3,10,1,5,2,5,0.4,25.5,21.6,29.5,70,35,92.4,185,1,1.5,2,1.5,6,7,17,7,"H.413.12","H.413",1
"452",413,13,"H",4,1,3,6,20,2,6,4,14,0.29,25.5,21.6,29.5,140,70,184.8,370,1.5,2.5,2,2,8,18,39,17,"H.413.13","H.413",1
"453",413,14,"H",4,1,3,3,10,1.5,6,1.5,4,0.38,25.5,21.6,29.5,70,35,92.4,185,1,1.5,2,3,7.5,5.5,9,4,"H.413.14","H.413",1
"454",413,16,"H",4,1,3,6,19,1,6,5,13,0.38,25.5,21.6,29.4,133,66.5,184.8,351.5,1,2,2,2,7,18,37,18,"H.413.16","H.413",1
"455",413,18,"H",4,1,3,5,18,1.5,6,3.5,12,0.29,25.6,21.7,29.5,126,63,154,333,1,2.5,1.5,2.5,7.5,15.5,23,14,"H.413.18","H.413",1
"456",413,19,"H",4,1,3,6,19,2,6,4,13,0.31,25.5,21.6,29.4,133,66.5,184.8,351.5,1.5,2.5,2,2,8,17,35,16,"H.413.19","H.413",1
"457",413,25,"H",4,1,3,5,18,1.5,6,3.5,12,0.29,25.6,21.7,29.5,126,63,154,333,2,2,1.5,2,7.5,15.5,36,15,"H.413.25","H.413",1
"458",413,26,"H",4,1,3,5,16,1,6,4,10,0.4,25.5,21.6,29.4,112,56,154,296,1.5,1.5,2,2,7,14,34,13,"H.413.26","H.413",1
"459",413,27,"H",4,1,3,6,21,2,6,4,15,0.27,25.6,21.7,29.5,147,73.5,184.8,388.5,1,2,2,3,8,19,28,17,"H.413.27","H.413",1
"460",413,29,"H",4,1,3,6,19,1,6,5,13,0.38,25.5,21.6,29.4,133,66.5,184.8,351.5,1.5,1.5,1.5,2.5,7,18,46,17,"H.413.29","H.413",1
"461",413,31,"H",4,1,3,3,9,2,6,1,3,0.33,25.5,21.5,29.4,63,31.5,92.4,166.5,1.5,2,1.5,3,8,4,5,3,"H.413.31","H.413",1
"462",413,33,"H",4,1,3,6,20,2,6.5,4,13.5,0.3,25.5,21.6,29.5,140,70,184.8,370,1,3,2.5,2.5,8.5,17.5,28,13,"H.413.33","H.413",1
"463",413,35,"H",4,1,3,2,8,1,5,1,3,0.33,25.7,21.8,29.6,56,28,61.6,148,1,1.5,1.5,2,6,4,13,5,"H.413.35","H.413",1
"464",312,1,"H",3,1,2,8,18,2,5,6,13,0.46,25.2,21.3,29,126,63,246.4,333,1.5,1.5,2,2,7,19,55,18,"H.312.1","H.312",1
"465",312,2,"H",3,1,2,4,9,2,5,2,4,0.5,25.2,21.3,29,63,31.5,123.2,166.5,1,2,1.5,2.5,7,6,8,4,"H.312.2","H.312",1
"466",312,3,"H",3,1,2,4,10,2,5,2,5,0.4,25.3,21.4,29.2,70,35,123.2,185,1,2,1.5,2.5,7,7,16,6,"H.312.3","H.312",1
"467",312,5,"H",3,1,2,5,12,2,5,3,7,0.43,25.2,21.3,29.1,84,42,154,222,1.5,1.5,1.5,2.5,7,10,27,10,"H.312.5","H.312",1
"468",312,6,"H",3,1,2,7,16,2,4,5,12,0.42,25.2,21.3,29.1,112,56,215.6,296,1,2,1,2,6,17,43,16,"H.312.6","H.312",1
"469",312,7,"H",3,1,2,5,12,2,5.5,3,6.5,0.46,25.2,21.3,29.1,84,42,154,222,1,2,2,2.5,7.5,9.5,18,8,"H.312.7","H.312",1
"470",312,8,"H",3,1,2,5,12,2,5,3,7,0.43,25.2,21.3,29.1,84,42,154,222,1,2,2,2,7,10,25,10,"H.312.8","H.312",1
"471",312,9,"H",3,1,2,5,12,2,4,3,8,0.38,25.2,21.3,29.1,84,42,154,222,0.5,2,1.5,2,6,11,27,10,"H.312.9","H.312",1
"472",312,10,"H",3,1,2,3,7,2,5,1,2,0.5,25.2,21.3,29.1,49,24.5,92.4,129.5,1.5,1.5,2,2,7,3,6,3,"H.312.10","H.312",1
"473",312,11,"H",3,1,2,5,11,2,6,3,5,0.6,25.1,21.3,29,77,38.5,154,203.5,2,1.5,2.5,2,8,8,18,6,"H.312.11","H.312",1
"474",312,12,"H",3,1,2,5,11,2.5,6,2.5,5,0.5,25.1,21.3,29,77,38.5,154,203.5,1.5,2,2.5,2.5,8.5,7.5,16,6,"H.312.12","H.312",1
"475",312,13,"H",3,1,2,5,10,2.5,6,2.5,4,0.63,25,21.2,28.9,70,35,154,185,1.5,1.5,3,2.5,8.5,6.5,13,7,"H.312.13","H.312",1
"476",312,16,"H",3,1,2,6,12,2,5,4,7,0.57,25,21.2,28.9,84,42,184.8,222,1,1.5,2,2.5,7,11,16,11,"H.312.16","H.312",1
"477",312,17,"H",3,1,2,9,18,3,7,6,11,0.55,25,21.2,28.9,126,63,277.2,333,2,3,2.5,2.5,10,17,14,14,"H.312.17","H.312",1
"478",312,18,"H",3,1,2,4,10,2,5,2,5,0.4,25.3,21.4,29.2,70,35,123.2,185,1.5,1.5,1.5,2.5,7,7,23,7,"H.312.18","H.312",1
"479",312,19,"H",3,1,2,4,8,2,5,2,3,0.67,25,21.2,28.9,56,28,123.2,148,1,1.5,1,3.5,7,5,12,5,"H.312.19","H.312",1
"480",312,20,"H",3,1,2,7,14,3,7,4,7,0.57,25,21.2,28.9,98,49,215.6,259,1.5,3.5,3,2,10,11,17,7,"H.312.20","H.312",1
"481",312,21,"H",3,1,2,3,8,2,5,1,3,0.33,25.3,21.4,29.2,56,28,92.4,148,1,2,2,2,7,4,8,3,"H.312.21","H.312",1
"482",312,22,"H",3,1,2,5,11,2,6,3,5,0.6,25.1,21.3,29,77,38.5,154,203.5,1,2.5,3,1.5,8,8,21,7,"H.312.22","H.312",1
"483",312,25,"H",3,1,2,5,10,2,4.5,3,5.5,0.55,25,21.2,28.9,70,35,154,185,1,1.5,1.5,2.5,6.5,8.5,26,8,"H.312.25","H.312",1
"484",312,27,"H",3,1,2,6,12,2,6,4,6,0.67,25,21.2,28.9,84,42,184.8,222,1,2.5,2,2.5,8,10,24,9,"H.312.27","H.312",1
"485",312,28,"H",3,1,2,7,16,2,4.5,5,11.5,0.43,25.2,21.3,29.1,112,56,215.6,296,1,1.5,2,2,6.5,16.5,29,16,"H.312.28","H.312",1
"486",312,30,"H",3,1,2,4,8,2,5,2,3,0.67,25,21.2,28.9,56,28,123.2,148,1,2,2,2,7,5,12,3,"H.312.30","H.312",1
"487",312,32,"H",3,1,2,6,13,2,5.5,4,7.5,0.53,25.1,21.2,29,91,45.5,184.8,240.5,1,2,1.5,3,7.5,11.5,20,9,"H.312.32","H.312",1
"488",312,33,"H",3,1,2,4,10,2,5,2,5,0.4,25.3,21.4,29.2,70,35,123.2,185,1,2,2,2,7,7,13,6,"H.312.33","H.312",1
"489",312,34,"H",3,1,2,8,16,2,4,6,12,0.5,25,21.2,28.9,112,56,246.4,296,1,2,1,2,6,18,46,17,"H.312.34","H.312",1
"490",312,35,"H",3,1,2,6,12,2,6,4,6,0.67,25,21.2,28.9,84,42,184.8,222,1,2.5,2,2.5,8,10,13,9,"H.312.35","H.312",1
"491",211,1,"H",2,1,1,7,7,3,3,4,4,1,24.2,20.4,28,49,24.5,215.6,129.5,1,1.5,1.5,2,6,8,27,9,"H.211.1","H.211",1
"492",211,3,"H",2,1,1,9,10,3,4,6,6,1,24.3,20.5,28.1,70,35,277.2,185,1.5,1.5,2,2,7,12,31,10,"H.211.3","H.211",1
"493",211,5,"H",2,1,1,6,7,4,4,2,3,0.67,24.4,20.6,28.2,49,24.5,184.8,129.5,1.5,2,2.5,2,8,5,12,4,"H.211.5","H.211",1
"494",211,6,"H",2,1,1,8,8,4.5,5,3.5,3,1.17,24.2,20.4,28,56,28,246.4,148,2.5,2.5,2.5,2,9.5,6.5,15,7,"H.211.6","H.211",1
"495",211,7,"H",2,1,1,6,7,4,4.5,2,2.5,0.8,24.4,20.6,28.2,49,24.5,184.8,129.5,2,2,2,2.5,8.5,4.5,4,3,"H.211.7","H.211",1
"496",211,10,"H",2,1,1,13,14,4,4,9,10,0.9,24.3,20.5,28.1,98,49,400.4,259,0.5,2.5,2.5,2.5,8,19,33,18,"H.211.10","H.211",1
"497",211,12,"H",2,1,1,8,9,3.5,4,4.5,5,0.9,24.3,20.5,28.1,63,31.5,246.4,166.5,1,2,2.5,2,7.5,9.5,21,10,"H.211.12","H.211",1
"498",211,14,"H",2,1,1,5,6,3,3.5,2,2.5,0.8,24.4,20.6,28.2,42,21,154,111,1.5,1,1.5,2.5,6.5,4.5,16,5,"H.211.14","H.211",1
"499",211,15,"H",2,1,1,8,9,3,3,5,6,0.83,24.3,20.5,28.1,63,31.5,246.4,166.5,1,1.5,1.5,2,6,11,30,12,"H.211.15","H.211",1
"500",211,17,"H",2,1,1,10,11,3,4,7,7,1,24.3,20.5,28.1,77,38.5,308,203.5,1.5,2,1.5,2,7,14,35,14,"H.211.17","H.211",1
"501",211,18,"H",2,1,1,9,9,4,4,5,5,1,24.2,20.4,28,63,31.5,277.2,166.5,1.5,2,1.5,3,8,10,19,9,"H.211.18","H.211",1
"502",211,19,"H",2,1,1,13,14,4,5,9,9,1,24.3,20.5,28.1,98,49,400.4,259,2,2,2.5,2.5,9,18,25,15,"H.211.19","H.211",1
"503",211,20,"H",2,1,1,12,12,3,3.5,9,8.5,1.06,24.2,20.4,28,84,42,369.6,222,1.5,1,2,2,6.5,17.5,41,16,"H.211.20","H.211",1
"504",211,22,"H",2,1,1,12,13,3,3.5,9,9.5,0.95,24.3,20.5,28.1,91,45.5,369.6,240.5,1.5,1,1.5,2.5,6.5,18.5,47,17,"H.211.22","H.211",1
"505",211,23,"H",2,1,1,12,13,4,4,8,9,0.89,24.3,20.5,28.1,91,45.5,369.6,240.5,2.5,2,1.5,2,8,17,41,16,"H.211.23","H.211",1
"506",211,25,"H",2,1,1,9,9,3,4,6,5,1.2,24.2,20.4,28,63,31.5,277.2,166.5,1.5,1.5,1.5,2.5,7,11,30,10,"H.211.25","H.211",1
"507",211,29,"H",2,1,1,12,13,3.5,4,8.5,9,0.94,24.3,20.5,28.1,91,45.5,369.6,240.5,1.5,1.5,2,2.5,7.5,17.5,36,16,"H.211.29","H.211",1
"508",211,31,"H",2,1,1,10,10,3,3,7,7,1,24.2,20.4,28,70,35,308,185,1,1.5,1.5,2,6,14,38,14,"H.211.31","H.211",1
"509",211,35,"H",2,1,1,7,8,4,4,3,4,0.75,24.4,20.6,28.2,56,28,215.6,148,1.5,2.5,2,2,8,7,9,4,"H.211.35","H.211",1
"510",211,36,"H",2,1,1,8,8,3.5,4,4.5,4,1.13,24.2,20.4,28,56,28,246.4,148,1.5,2,1.5,2.5,7.5,8.5,21,7,"H.211.36","H.211",1
"558",431,1,"H",4,3,1,12,4,5,2,7,2,3.5,23,19.3,26.6,28,14,369.6,74,1.5,1.5,1.5,2.5,7,9,27,9,"H.431.1","H.431",1
"559",431,2,"H",4,3,1,19,7,6,2,13,5,2.6,23,19.4,26.7,98,24.5,585.2,129.5,1.5,1.5,2,3,8,18,43,17,"H.431.2","H.431",1
"560",431,3,"H",4,3,1,16,6,4,2,12,4,3,23.1,19.4,26.7,42,21,492.8,111,1,1.5,1.5,2,6,16,41,15,"H.431.3","H.431",1
"561",431,4,"H",4,3,1,18,6,6,2,12,4,3,23,19.3,26.6,42,21,554.4,111,2,1.5,2,2.5,8,16,40,15,"H.431.4","H.431",1
"562",431,5,"H",4,3,1,24,9,5,2,19,7,2.71,23.1,19.4,26.7,63,31.5,739.2,166.5,1.5,1.5,1.5,2.5,7,26,52,25,"H.431.5","H.431",1
"563",431,6,"H",4,3,1,12,5,5,2,7,3,2.33,23.2,19.5,26.8,35,17.5,369.6,92.5,1,1.5,2,2.5,7,10,22,9,"H.431.6","H.431",1
"564",431,7,"H",4,3,1,19,7,5,2,14,5,2.8,23,19.4,26.7,49,24.5,585.2,129.5,1.5,1.5,1.5,2.5,7,19,53,18,"H.431.7","H.431",1
"565",431,9,"H",4,3,1,21,7,5.5,2,15.5,5,3.1,23,19.3,26.6,49,24.5,646.8,129.5,1.5,2,1.5,2.5,7.5,20.5,47,21,"H.431.9","H.431",1
"566",431,12,"H",4,3,1,15,6,6.5,3,8.5,3,2.83,23.1,19.4,26.8,42,21,462,111,2.5,3,2,2,9.5,11.5,33,11,"H.431.12","H.431",1
"567",431,13,"H",4,3,1,21,7,6,2,15,5,3,23,19.3,26.6,49,24.5,646.8,129.5,1.5,2.5,2,2,8,20,53,19,"H.431.13","H.431",1
"568",431,14,"H",4,3,1,27,9,8,3,19,6,3.17,23,19.3,26.6,63,31.5,831.6,166.5,2,2,4,3,11,25,26,21,"H.431.14","H.431",1
"569",431,17,"H",4,3,1,18,7,6,2,12,5,2.4,23.1,19.3,26.6,49,24.5,646.8,129.5,2,2,2,2,8,17,26,15,"H.431.17","H.431",1
"570",431,18,"H",4,3,1,20,7,5.5,2,14.5,5,2.9,23,19.3,26.6,49,24.5,616,129.5,1.5,1.5,2,2.5,7.5,19.5,42,20,"H.431.18","H.431",1
"571",431,19,"H",4,3,1,27,10,4.5,2,22.5,8,2.81,23.1,19.4,26.7,70,35,831.6,185,1,2,1.5,2,6.5,30.5,65,26,"H.431.19","H.431",1
"572",431,20,"H",4,3,1,9,4,5.5,2,3.5,2,1.75,23.2,19.5,26.9,28,14,277.2,74,1.5,2,2,2,7.5,5.5,12,5,"H.431.20","H.431",1
"573",431,21,"H",4,3,1,13,5,5,2,8,3,2.67,23.1,19.4,26.7,35,17.5,400.4,92.5,1.5,1.5,2,2,7,11,29,11,"H.431.21","H.431",1
"574",431,22,"H",4,3,1,18,7,5,2,13,5,2.6,23.1,19.4,26.8,49,24.5,554.4,129.5,1.5,2,1.5,2,7,18,48,18,"H.431.22","H.431",1
"575",431,23,"H",4,3,1,18,6,4.5,2,13.5,4,3.38,23,19.3,26.6,42,21,554.4,111,1,1.5,1.5,2.5,6.5,17.5,54,19,"H.431.23","H.431",1
"576",431,24,"H",4,3,1,22,8,5,2,17,6,2.83,23,19.4,26.7,56,28,677.6,148,1,2,2,2,7,23,55,21,"H.431.24","H.431",1
"577",431,27,"H",4,3,1,20,7,4.5,2,15.5,5,3.1,23,19.3,26.6,49,24.5,616,129.5,1.5,1.5,1.5,2,6.5,20.5,54,20,"H.431.27","H.431",1
"578",431,28,"H",4,3,1,9,4,5.5,2,3.5,2,1.75,23.2,19.5,26.9,28,14,277.2,74,1.5,2,1.5,2.5,7.5,5.5,22,6,"H.431.28","H.431",1
"579",431,30,"H",4,3,1,25,9,4.5,2,20.5,7,2.93,23,19.4,26.7,63,31.5,770,166.5,1,2,1.5,2,6.5,27.5,55,26,"H.431.30","H.431",1
"580",431,31,"H",4,3,1,10,4,5.5,2,4.5,2,2.25,23.1,19.4,26.8,28,14,308,74,2,1.5,2,2,7.5,6.5,10,7,"H.431.31","H.431",1
"581",431,32,"H",4,3,1,10,4,5,2,5,2,2.5,23.1,19.4,26.8,28,14,308,74,1.5,1.5,1.5,2.5,7,7,18,6,"H.431.32","H.431",1
"582",431,33,"H",4,3,1,15,6,4,2,11,4,2.75,23.1,19.4,26.8,42,21,462,111,0.5,1.5,2,2,6,15,34,15,"H.431.33","H.431",1
"583",431,34,"H",4,3,1,27,10,4.5,2,22.5,8,2.81,23.1,19.4,26.7,70,35,831.6,185,1,1.5,1.5,2.5,6.5,30.5,42,22,"H.431.34","H.431",1
"584",431,35,"H",4,3,1,12,5,4.5,2,7.5,3,2.5,23.2,19.5,26.8,35,17.5,369.6,92.5,1,2,1.5,2,6.5,10.5,33,10,"H.431.35","H.431",1
"585",431,36,"H",4,3,1,18,6,5,2,13,4,3.25,23,19.3,26.6,42,21,554.4,111,1,2,2,2,7,17,36,17,"H.431.36","H.431",1
"586",321,1,"H",3,2,1,20,10,4,3,16,7,2.29,23.4,19.7,27.1,70,35,616,185,1,2,2,2,7,23,44,23,"H.321.1","H.321",1
"587",321,2,"H",3,2,1,12,7,4,3,8,4,2,23.5,19.8,27.3,49,24.5,369.6,129.5,1,2.5,2,1.5,7,12,36,11,"H.321.2","H.321",1
"588",321,5,"H",3,2,1,8,5,6,3,2,2,1,23.6,19.9,27.3,35,17.5,246.4,92.5,1.5,2,2.5,3,9,4,2,1,"H.321.5","H.321",1
"589",321,7,"H",3,2,1,11,6,4,3,7,3,2.33,23.5,19.7,27.2,42,21,338.8,111,1,1.5,2,2.5,7,10,38,9,"H.321.7","H.321",1
"590",321,8,"H",3,2,1,12,6,4,3,8,3,2.67,23.4,19.7,27.1,42,21,369.6,111,1.5,1.5,2,2,7,11,36,11,"H.321.8","H.321",1
"591",321,9,"H",3,2,1,14,7,5,3,9,4,2.25,23.4,19.7,27.1,49,24.5,431.2,129.5,2,1.5,2,2.5,8,13,29,12,"H.321.9","H.321",1
"592",321,11,"H",3,2,1,22,12,4.5,3,17.5,9,1.94,23.5,19.7,27.2,84,42,677.6,222,1.5,2,2,2,7.5,26.5,47,23,"H.321.11","H.321",1
"593",321,12,"H",3,2,1,20,11,4,3,16,8,2,23.5,19.8,27.2,77,38.5,616,203.5,1.5,1.5,2,2,7,24,45,22,"H.321.12","H.321",1
"594",321,13,"H",3,2,1,12,6,4,3,8,3,2.67,23.4,19.7,27.1,42,21,369.6,111,1,2,2,2,7,11,24,11,"H.321.13","H.321",1
"595",321,14,"H",3,2,1,14,7,4,2.5,10,4.5,2.22,23.4,19.7,27.1,49,24.5,431.2,129.5,1,2,1.5,2,6.5,14.5,44,14,"H.321.14","H.321",1
"596",321,15,"H",3,2,1,18,9,5,3,13,6,2.17,23.4,19.7,27.1,63,31.5,554.4,166.5,1,2,2.5,2.5,8,19,37,14,"H.321.15","H.321",1
"597",321,16,"H",3,2,1,22,12,4,3,18,9,2,23.5,19.7,27.2,84,42,677.6,222,1.5,1.5,2,2,7,27,42,20,"H.321.16","H.321",1
"598",321,17,"H",3,2,1,22,12,4,3,18,9,2,23.5,19.7,27.2,84,42,677.6,222,1,2,2,2,7,27,57,23,"H.321.17","H.321",1
"599",321,20,"H",3,2,1,15,8,5,3,10,5,2,23.4,19.7,27.1,56,28,462,148,1.5,2,2.5,2,8,15,36,15,"H.321.20","H.321",1
"600",321,21,"H",3,2,1,20,11,4,3,16,8,2,23.5,19.8,27.2,77,38.5,616,203.5,1.5,1.5,2,2,7,24,55,24,"H.321.21","H.321",1
"601",321,24,"H",3,2,1,10,6,4,2.5,6,3.5,1.71,23.6,19.8,27.3,42,21,308,111,1,1.5,2,2,6.5,9.5,33,10,"H.321.24","H.321",1
"602",321,25,"H",3,2,1,20,11,6,3,14,8,1.75,23.5,19.8,27.2,77,38.5,616,203.5,1.5,2.5,2.5,2.5,9,22,36,21,"H.321.25","H.321",1
"603",321,26,"H",3,2,1,16,9,5,3,11,6,1.83,23.5,19.8,27.2,63,31.5,492.8,166.5,1,3,2,2,8,17,35,15,"H.321.26","H.321",1
"604",321,27,"H",3,2,1,10,6,8,4,2,2,1,23.6,19.8,27.3,42,21,308,111,1,3,3,5,12,4,2,2,"H.321.27","H.321",1
"605",321,30,"H",3,2,1,13,7,4.5,3,8.5,4,2.13,23.5,19.7,27.1,49,24.5,400.4,129.5,1,2,2,2.5,7.5,12.5,24,10,"H.321.30","H.321",1
"606",321,31,"H",3,2,1,11,6,6,3,5,3,1.67,23.5,19.7,27.2,42,21,338.8,111,1.5,1.5,3,3,9,8,15,8,"H.321.31","H.321",1
"607",321,32,"H",3,2,1,18,10,5,3,13,7,1.86,23.5,19.8,27.2,70,35,554.4,185,1.5,1.5,2.5,2.5,8,20,36,19,"H.321.32","H.321",1
"608",321,33,"H",3,2,1,7,4,4.5,3,2.5,1,2.5,23.5,19.8,27.2,28,14,215.6,74,1.5,1.5,2.5,2,7.5,3.5,5,2,"H.321.33","H.321",1
"609",321,34,"H",3,2,1,14,7,4,3,10,4,2.5,23.4,19.7,27.1,49,24.5,431.2,129.5,1,2,2,1.5,7,14,26,12,"H.321.34","H.321",1
"610",321,35,"H",3,2,1,20,11,5,3,15,8,1.88,23.5,19.8,27.2,77,38.5,616,203.5,1.5,1.5,2.5,2.5,8,23,57,22,"H.321.35","H.321",1
"611",321,36,"H",3,2,1,18,9,4,3,14,6,2.33,23.4,19.7,27.1,63,31.5,554.4,166.5,1.5,1.5,2,2,7,20,27,17,"H.321.36","H.321",1
"612",633,2,"H",6,3,3,9,9,3,3,6,6,1,24.2,20.4,28,63,31.5,277.2,166.5,1,2,1,2,6,12,38,12,"H.633.2","H.633",1
"613",633,3,"H",6,3,3,13,15,3,4,10,11,0.91,24.4,20.6,28.2,105,52.5,400.4,277.5,1,2.5,2,1.5,7,21,43,20,"H.633.3","H.633",1
"614",633,5,"H",6,3,3,9,11,3,4,6,7,0.86,24.5,20.6,28.3,77,38.5,277.2,203.5,1,1.5,2,2.5,7,13,36,12,"H.633.5","H.633",1
"615",633,6,"H",6,3,3,12,13,3,3,9,10,0.9,24.3,20.5,28.1,91,45.5,369.6,240.5,1,1.5,2,1.5,6,19,47,20,"H.633.6","H.633",1
"616",633,8,"H",6,3,3,6,9,3,4,3,5,0.6,24.7,20.9,28.5,63,31.5,184.8,166.5,1,2,2.5,1.5,7,8,21,7,"H.633.8","H.633",1
"617",633,9,"H",6,3,3,15,15,3,4,12,11,1.09,24.2,20.4,28,105,52.5,462,277.5,1,1.5,2.5,2,7,23,46,21,"H.633.9","H.633",1
"618",633,10,"H",6,3,3,12,12,3,6,9,6,1.5,24.2,20.4,28,84,42,369.6,222,2,3,2,2,9,15,29,14,"H.633.10","H.633",1
"619",633,11,"H",6,3,3,11,12,3,4,8,8,1,24.3,20.5,28.1,84,42,338.8,222,1.5,2,1.5,2,7,16,38,15,"H.633.11","H.633",1
"620",633,12,"H",6,3,3,10,12,3,5,7,7,1,24.4,20.6,28.2,84,42,308,222,2,2,2,2,8,14,22,11,"H.633.12","H.633",1
"621",633,13,"H",6,3,3,6,8,3,5,3,3,1,24.6,20.7,28.4,56,28,184.8,148,1.5,2,2.5,2,8,6,8,4,"H.633.13","H.633",1
"622",633,14,"H",6,3,3,7,9,4,6,3,3,1,24.5,20.7,28.3,63,31.5,215.6,166.5,1.5,4.5,2,2,10,6,8,4,"H.633.14","H.633",1
"623",633,16,"H",6,3,3,9,9,4.5,6,4.5,3,1.5,24.2,20.4,28,63,31.5,277.2,166.5,1,3.5,3,3,10.5,7.5,9,6,"H.633.16","H.633",1
"624",633,20,"H",6,3,3,12,12,3,5.5,9,6.5,1.38,24.2,20.4,28,84,42,369.6,222,1.5,2,2.5,2.5,8.5,15.5,18,14,"H.633.20","H.633",1
"625",633,23,"H",6,3,3,11,12,3,4,8,8,1,24.3,20.5,28.1,84,42,338.8,222,1,1.5,2,2.5,7,16,41,15,"H.633.23","H.633",1
"626",633,24,"H",6,3,3,15,17,3,4,12,13,0.92,24.4,20.6,28.2,119,59.5,462,314.5,0.5,2,2,2.5,7,25,50,25,"H.633.24","H.633",1
"627",633,25,"H",6,3,3,9,9,3,4,6,5,1.2,24.2,20.4,28,63,31.5,277.2,166.5,1,1.5,2,2.5,7,11,28,10,"H.633.25","H.633",1
"628",633,26,"H",6,3,3,14,15,3,5.5,11,9.5,1.16,24.3,20.5,28.1,105,52.5,431.2,277.5,2,2,2,2.5,8.5,20.5,6,4,"H.633.26","H.633",1
"629",633,28,"H",6,3,3,12,13,3,4.5,9,8.5,1.06,24.3,20.5,28.1,91,45.5,369.6,240.5,1.5,1.5,2,2.5,7.5,17.5,41,16,"H.633.28","H.633",1
"630",633,29,"H",6,3,3,5,6,3,5,2,1,2,24.4,20.6,28.2,42,21,154,111,1,2,2,3,8,3,2,1,"H.633.29","H.633",1
"631",633,30,"H",6,3,3,6,7,3,6,3,1,3,24.4,20.6,28.2,49,24.5,184.8,129.5,1.5,2.5,2.5,2.5,9,4,4,2,"H.633.30","H.633",1
"632",633,32,"H",6,3,3,11,12,3,5.5,8,6.5,1.23,24.3,20.5,28.1,84,42,338.8,222,1,2.5,2.5,2.5,8.5,14.5,30,13,"H.633.32","H.633",1
"633",633,33,"H",6,3,3,9,11,3,4,6,7,0.86,24.5,20.6,28.3,77,38.5,277.2,203.5,1,2,2,2,7,13,28,11,"H.633.33","H.633",1
"634",633,35,"H",6,3,3,12,13,3.5,6,8.5,7,1.21,24.3,20.5,28.1,91,45.5,369.6,240.5,2,2.5,2.5,2.5,9.5,15.5,27,13,"H.633.35","H.633",1
"635",633,36,"H",6,3,3,9,12,6,6,3,6,0.5,24.6,20.7,28.4,84,42,277.2,222,2,4,2,4,12,9,3,7,"H.633.36","H.633",1
"636",422,1,"H",4,2,2,6,8,3.5,4,2.5,4,0.63,24.6,20.7,28.4,56,28,184.8,148,1.5,2.5,1.5,2,7.5,6.5,20,5,"H.422.1","H.422",1
"637",422,2,"H",4,2,2,10,11,3,4,7,7,1,24.3,20.5,28.1,77,38.5,308,203.5,1,2,2,2,7,14,35,13,"H.422.2","H.422",1
"638",422,5,"H",4,2,2,12,17,2,4,10,13,0.77,24.3,20.5,28.1,105,52.5,431.2,277.5,1,1.5,1.5,2,6,23,59,23,"H.422.5","H.422",1
"639",422,9,"H",4,2,2,7,8,3,4,4,4,1,24.4,20.6,28.2,56,28,215.6,148,1.5,2,1.5,2,7,8,25,8,"H.422.9","H.422",1
"640",422,13,"H",4,2,2,8,8,2.5,4,5.5,4,1.38,24.2,20.4,28,56,28,246.4,148,1,2.5,1,2,6.5,9.5,35,10,"H.422.13","H.422",1
"641",422,14,"H",4,2,2,14,16,3,4,11,12,0.92,24.4,20.6,28.2,112,56,431.2,296,1,2.5,1.5,2,7,23,45,21,"H.422.14","H.422",1
"642",422,16,"H",4,2,2,10,10,3.5,4,6.5,6,1.08,24.2,20.4,28,70,35,308,185,1.5,2,1.5,2,7.5,12.5,29,12,"H.422.16","H.422",1
"643",422,17,"H",4,2,2,8,8,4,5.5,4,2.5,1.6,24.2,20.4,28,56,28,246.4,148,1.5,2,2,4,9.5,6.5,10,7,"H.422.17","H.422",1
"644",422,18,"H",4,2,2,9,10,2,4,7,6,1.17,24.3,20.5,28.1,70,35,277.2,185,0.5,1.5,2,2,6,13,34,13,"H.422.18","H.422",1
"645",422,21,"H",4,2,2,11,12,4,4,7,8,0.88,24.3,20.5,28.1,84,42,338.8,222,1,3,2,2,8,15,33,14,"H.422.21","H.422",1
"646",422,22,"H",4,2,2,12,14,2.5,4,9.5,10,0.95,24.4,20.6,28.2,98,49,369.6,259,1,1.5,1.5,2.5,6.5,19.5,45,20,"H.422.22","H.422",1
"647",422,28,"H",4,2,2,13,14,3,4,10,10,1,24.3,20.5,28.1,98,49,400.4,259,1,2,2,2,7,20,45,17,"H.422.28","H.422",1
"648",422,31,"H",4,2,2,10,10,2.5,4,7.5,6,1.25,24.2,20.4,28,70,35,308,185,1,2,1.5,2,6.5,13.5,39,13,"H.422.31","H.422",1
"649",422,32,"H",4,2,2,13,14,3,4,10,10,1,24.3,20.5,28.1,98,49,400.4,259,1.5,1.5,2,2,7,20,48,19,"H.422.32","H.422",1
"650",422,33,"H",4,2,2,16,17,2,4,14,13,1.08,24.3,20.4,28,112,56,492.8,296,1,1.5,1.5,2,6,27,60,26,"H.422.33","H.422",1
"651",422,34,"H",4,2,2,16,16,2,4,14,12,1.17,24.2,20.5,28.1,119,59.5,492.8,314.5,1,1.5,1.5,2,6,26,56,25,"H.422.34","H.422",1
"652",422,36,"H",4,2,2,16,16,2.5,4,13.5,12,1.13,24.2,20.4,28,112,56,492.8,296,0.5,2,1.5,2.5,6.5,25.5,34,18,"H.422.36","H.422",1
"697",523,1,"H",5,2,3,8,12,2,5.5,6,6.5,0.92,24.7,20.9,28.5,84,42,246.4,222,1.5,2,2,2,7.5,12.5,33,12,"H.523.1","H.523",1
"698",523,2,"H",5,2,3,6,11,2,5,4,6,0.67,24.9,21.1,28.8,77,38.5,184.8,203.5,1,1.5,2.5,2,7,10,27,10,"H.523.2","H.523",1
"699",523,3,"H",5,2,3,10,18,2,5,8,13,0.62,24.9,21.1,28.8,126,63,308,333,1.5,2,2,1.5,7,21,42,19,"H.523.3","H.523",1
"700",523,4,"H",5,2,3,10,18,2,5,8,13,0.62,24.9,21.1,28.8,126,63,308,333,1,2,2,2,7,21,35,15,"H.523.4","H.523",1
"701",523,5,"H",5,2,3,10,15,2,5.5,8,9.5,0.84,24.7,20.9,28.5,105,52.5,308,277.5,1,2,2,2.5,7.5,17.5,34,16,"H.523.5","H.523",1
"702",523,6,"H",5,2,3,6,10,4,6,2,4,0.5,24.8,21,28.7,70,35,184.8,185,1,4,2,3,10,6,3,2,"H.523.6","H.523",1
"703",523,7,"H",5,2,3,6,12,2,5,4,7,0.57,25,21.2,28.9,84,42,184.8,222,1.5,2,1.5,2,7,11,33,10,"H.523.7","H.523",1
"704",523,8,"H",5,2,3,10,16,2,4.5,8,11.5,0.7,24.8,20.9,28.6,112,56,308,296,1,2,1.5,2,6.5,19.5,51,19,"H.523.8","H.523",1
"705",523,11,"H",5,2,3,8,14,2.5,6,5.5,8,0.69,24.9,21,28.7,98,49,246.4,259,1.5,2.5,2,2.5,8.5,13.5,27,11,"H.523.11","H.523",1
"706",523,12,"H",5,2,3,10,17,2,5.5,8,11.5,0.7,24.8,21,28.7,119,59.5,308,314.5,1.5,2,2,2,7.5,19.5,26,17,"H.523.12","H.523",1
"707",523,15,"H",5,2,3,10,18,2,5,8,13,0.62,24.9,21.1,28.8,126,63,308,333,1,1.5,2,2.5,7,21,35,17,"H.523.15","H.523",1
"708",523,16,"H",5,2,3,8,15,2,5,6,10,0.6,25,21.1,28.8,105,52.5,246.4,277.5,1.5,1.5,2,2,7,16,37,15,"H.523.16","H.523",1
"709",523,17,"H",5,2,3,6,11,2.5,6,3.5,5,0.7,24.9,21.1,28.8,77,38.5,184.8,203.5,2,2,2,2.5,8.5,8.5,15,7,"H.523.17","H.523",1
"710",523,18,"H",5,2,3,8,13,2,5.5,6,7.5,0.8,24.8,20.9,28.6,91,45.5,246.4,240.5,1,2.5,2,2,7.5,13.5,32,12,"H.523.18","H.523",1
"711",523,19,"H",5,2,3,6,12,2,4,4,8,0.5,25,21.2,28.9,84,42,184.8,222,1,1.5,2,1.5,6,12,41,11,"H.523.19","H.523",1
"712",523,21,"H",5,2,3,7,12,2,5,5,7,0.71,24.9,21,28.7,84,42,215.6,222,1,2,2,2,7,12,22,9,"H.523.21","H.523",1
"713",523,22,"H",5,2,3,12,18,2,4,10,14,0.71,24.7,20.9,28.5,126,63,369.6,333,0.5,1.5,1.5,2.5,6,24,49,20,"H.523.22","H.523",1
"714",523,23,"H",5,2,3,10,16,2,4,8,12,0.67,24.8,20.9,28.6,112,56,308,296,1,1.5,2,1.5,6,20,34,19,"H.523.23","H.523",1
"715",523,24,"H",5,2,3,9,15,3,6,6,9,0.67,24.8,21,28.7,105,52.5,277.2,277.5,2,2,2,3,9,15,26,13,"H.523.24","H.523",1
"716",523,25,"H",5,2,3,10,17,2,6,8,11,0.73,24.8,21,28.7,119,59.5,308,314.5,1,2,2,3,8,19,30,16,"H.523.25","H.523",1
"717",523,29,"H",5,2,3,6,11,3.5,6,2.5,5,0.5,24.9,21.1,28.8,77,38.5,184.8,203.5,2,3,2,2.5,9.5,7.5,7,5,"H.523.29","H.523",1
"718",523,33,"H",5,2,3,6,11,2,5.5,4,5.5,0.73,24.9,21.1,28.8,70,38.5,184.8,203.5,1,2,2,2.5,7.5,9.5,15,9,"H.523.33","H.523",1
"719",523,35,"H",5,2,3,12,18,2,6,10,12,0.83,24.7,20.9,28.5,126,63,369.6,333,1.5,2,2,2.5,8,22,32,16,"H.523.35","H.523",1
"720",532,1,"H",5,3,2,7,6,3,3,4,3,1.33,24,20.2,27.8,42,21,215.6,111,1,2,1.5,1.5,6,7,17,7,"H.532.1","H.532",1
"721",532,3,"H",5,3,2,15,12,3,3,12,9,1.33,23.9,20.2,27.7,84,42,462,222,1,1.5,2,1.5,6,21,53,19,"H.532.3","H.532",1
"722",532,5,"H",5,3,2,15,11,6,5,9,6,1.5,23.8,20.1,27.6,77,38.5,462,203.5,1,3,4,3,11,15,21,14,"H.532.5","H.532",1
"723",532,6,"H",5,3,2,15,11,3,4,12,7,1.71,23.8,20.1,27.6,77,38.5,462,203.5,1,2,2,2,7,19,37,16,"H.532.6","H.532",1
"724",532,7,"H",5,3,2,11,8,3,4,8,4,2,23.8,20.1,27.5,56,28,338.8,148,1.5,2,1.5,2,7,12,31,12,"H.532.7","H.532",1
"725",532,8,"H",5,3,2,15,11,5,4,10,7,1.43,23.8,20.1,27.6,77,38.5,462,203.5,1.5,2,2.5,3,9,17,17,11,"H.532.8","H.532",1
"726",532,9,"H",5,3,2,18,12,3,3.5,15,8.5,1.76,23.7,20,27.4,84,42,554.4,222,1,2,2,1.5,6.5,23.5,58,22,"H.532.9","H.532",1
"727",532,10,"H",5,3,2,15,12,3,4,12,8,1.5,23.9,20.2,27.7,84,42,462,222,1,2,1.5,2.5,7,20,43,16,"H.532.10","H.532",1
"728",532,12,"H",5,3,2,6,5,3,3.5,3,1.5,2,24,20.2,27.7,35,17.5,184.8,92.5,1,2,2,1.5,6.5,4.5,16,5,"H.532.12","H.532",1
"729",532,14,"H",5,3,2,17,12,3,3.5,14,8.5,1.65,23.8,20,27.5,84,42,523.6,222,1,1.5,2,2,6.5,22.5,32,22,"H.532.14","H.532",1
"730",532,15,"H",5,3,2,13,10,3,3.5,10,6.5,1.54,23.9,20.1,27.6,70,35,400.4,185,1,2,1.5,2,6.5,16.5,40,16,"H.532.15","H.532",1
"731",532,16,"H",5,3,2,17,12,3,3,14,9,1.56,23.8,20,27.5,84,42,523.6,222,1,1.5,2,1.5,6,23,48,22,"H.532.16","H.532",1
"732",532,18,"H",5,3,2,18,14,3,4,15,10,1.5,23.9,20.1,27.6,98,49,554.4,259,1,2,2,2,7,25,54,24,"H.532.18","H.532",1
"733",532,19,"H",5,3,2,6,4,3,3.5,3,0.5,6,23.7,20,27.4,28,14,184.8,74,1,2,1.5,2,6.5,3.5,12,4,"H.532.19","H.532",1
"734",532,20,"H",5,3,2,6,5,5.5,4,0.5,1,0.5,24,20.2,27.7,35,17.5,184.8,92.5,1,2.5,2.5,3.5,9.5,1.5,1,1,"H.532.20","H.532",1
"735",532,21,"H",5,3,2,12,8,3,4,9,4,2.25,23.7,20,27.4,56,28,369.6,148,1.5,2,1.5,2,7,13,30,13,"H.532.21","H.532",1
"736",532,22,"H",5,3,2,12,9,3.5,4,8.5,5,1.7,23.8,20.1,27.6,63,31.5,369.6,166.5,1.5,2,2,2,7.5,13.5,33,12,"H.532.22","H.532",1
"737",532,23,"H",5,3,2,18,13,3,3.5,15,9.5,1.58,23.8,20,27.5,91,45.5,554.4,240.5,1,2,1.5,2,6.5,24.5,51,24,"H.532.23","H.532",1
"738",532,24,"H",5,3,2,18,14,3,4,15,10,1.5,23.9,20.1,27.6,98,49,554.4,259,1,1.5,2,2.5,7,25,35,18,"H.532.24","H.532",1
"739",532,29,"H",5,3,2,5,4,3,3.5,2,0.5,4,23.9,20.2,27.7,28,14,154,74,1,2,1.5,1.5,6.5,2.5,1,1,"H.532.29","H.532",1
"740",532,30,"H",5,3,2,13,10,3,3,10,7,1.43,23.9,20.1,27.6,70,35,400.4,185,1,1.5,1.5,2,6,17,43,17,"H.532.30","H.532",1
"741",532,31,"H",5,3,2,15,11,3,3,12,8,1.5,23.8,20.1,27.6,77,38.5,462,203.5,1,1.5,2,1.5,6,20,55,20,"H.532.31","H.532",1
"742",532,32,"H",5,3,2,15,11,3,3,12,8,1.5,23.8,20.1,27.6,77,38.5,462,203.5,1,1.5,1.5,2,6,20,59,19,"H.532.32","H.532",1
"743",532,33,"H",5,3,2,10,8,3,4,7,4,1.75,23.9,20.2,27.7,56,28,308,148,1.5,2,1.5,2,7,11,35,12,"H.532.33","H.532",1
"744",532,34,"H",5,3,2,14,10,3,3,11,7,1.57,23.8,20,27.5,70,35,431.2,185,1,2,1.5,1.5,6,18,51,17,"H.532.34","H.532",1
"745",532,35,"H",5,3,2,9,7,3,3,6,4,1.5,23.9,20.1,27.6,49,24.5,277.2,129.5,1,1.5,1.5,2,6,10,26,11,"H.532.35","H.532",1
"746",532,36,"H",5,3,2,7,6,3,3,4,3,1.33,24,20.2,27.8,42,21,215.6,111,1,2,1.5,1.5,6,7,28,7,"H.532.36","H.532",1
